filename,label,path,label_encoded
07_g.jpg,glaucoma,HRF_GLAUCOMA/07_g.jpg,1
05_g.jpg,glaucoma,HRF_GLAUCOMA/05_g.jpg,1
14_g.jpg,glaucoma,HRF_GLAUCOMA/14_g.jpg,1
01_g.jpg,glaucoma,HRF_GLAUCOMA/01_g.jpg,1
06_g.jpg,glaucoma,HRF_GLAUCOMA/06_g.jpg,1
04_g.jpg,glaucoma,HRF_GLAUCOMA/04_g.jpg,1
11_g.jpg,glaucoma,HRF_GLAUCOMA/11_g.jpg,1
08_g.jpg,glaucoma,HRF_GLAUCOMA/08_g.jpg,1
03_g.jpg,glaucoma,HRF_GLAUCOMA/03_g.jpg,1
10_g.jpg,glaucoma,HRF_GLAUCOMA/10_g.jpg,1
02_g.jpg,glaucoma,HRF_GLAUCOMA/02_g.jpg,1
13_g.jpg,glaucoma,HRF_GLAUCOMA/13_g.jpg,1
Im0535_g_ORIGA.jpg,glaucoma,ORIGA_GLAUCOMA/Im0535_g_ORIGA.jpg,1
Im0624_g_ORIGA.jpg,glaucoma,ORIGA_GLAUCOMA/Im0624_g_ORIGA.jpg,1
Im0513_g_ORIGA.jpg,glaucoma,ORIGA_GLAUCOMA/Im0513_g_ORIGA.jpg,1
Im0570_g_ORIGA.jpg,glaucoma,ORIGA_GLAUCOMA/Im0570_g_ORIGA.jpg,1
Im0610_g_ORIGA.jpg,glaucoma,ORIGA_GLAUCOMA/Im0610_g_ORIGA.jpg,1
Im0517_g_ORIGA.jpg,glaucoma,ORIGA_GLAUCOMA/Im0517_g_ORIGA.jpg,1
Im0488_g_ORIGA.jpg,glaucoma,ORIGA_GLAUCOMA/Im0488_g_ORIGA.jpg,1
Im0537_g_ORIGA.jpg,glaucoma,ORIGA_GLAUCOMA/Im0537_g_ORIGA.jpg,1
Im0577_g_ORIGA.jpg,glaucoma,ORIGA_GLAUCOMA/Im0577_g_ORIGA.jpg,1
Im0605_g_ORIGA.jpg,glaucoma,ORIGA_GLAUCOMA/Im0605_g_ORIGA.jpg,1
Im0498_g_ORIGA.jpg,glaucoma,ORIGA_GLAUCOMA/Im0498_g_ORIGA.jpg,1
Im0619_g_ORIGA.jpg,glaucoma,ORIGA_GLAUCOMA/Im0619_g_ORIGA.jpg,1
Im0595_g_ORIGA.jpg,glaucoma,ORIGA_GLAUCOMA/Im0595_g_ORIGA.jpg,1
Im0572_g_ORIGA.jpg,glaucoma,ORIGA_GLAUCOMA/Im0572_g_ORIGA.jpg,1
Im0504_g_ORIGA.jpg,glaucoma,ORIGA_GLAUCOMA/Im0504_g_ORIGA.jpg,1
Im0640_g_ORIGA.jpg,glaucoma,ORIGA_GLAUCOMA/Im0640_g_ORIGA.jpg,1
Im0647_g_ORIGA.jpg,glaucoma,ORIGA_GLAUCOMA/Im0647_g_ORIGA.jpg,1
Im0534_g_ORIGA.jpg,glaucoma,ORIGA_GLAUCOMA/Im0534_g_ORIGA.jpg,1
Im0511_g_ORIGA.jpg,glaucoma,ORIGA_GLAUCOMA/Im0511_g_ORIGA.jpg,1
Im0526_g_ORIGA.jpg,glaucoma,ORIGA_GLAUCOMA/Im0526_g_ORIGA.jpg,1
Im0493_g_ORIGA.jpg,glaucoma,ORIGA_GLAUCOMA/Im0493_g_ORIGA.jpg,1
Im0568_g_ORIGA.jpg,glaucoma,ORIGA_GLAUCOMA/Im0568_g_ORIGA.jpg,1
Im0612_g_ORIGA.jpg,glaucoma,ORIGA_GLAUCOMA/Im0612_g_ORIGA.jpg,1
Im0505_g_ORIGA.jpg,glaucoma,ORIGA_GLAUCOMA/Im0505_g_ORIGA.jpg,1
Im0639_g_ORIGA.jpg,glaucoma,ORIGA_GLAUCOMA/Im0639_g_ORIGA.jpg,1
Im0603_g_ORIGA.jpg,glaucoma,ORIGA_GLAUCOMA/Im0603_g_ORIGA.jpg,1
Im0641_g_ORIGA.jpg,glaucoma,ORIGA_GLAUCOMA/Im0641_g_ORIGA.jpg,1
Im0564_g_ORIGA.jpg,glaucoma,ORIGA_GLAUCOMA/Im0564_g_ORIGA.jpg,1
Im0583_g_ORIGA.jpg,glaucoma,ORIGA_GLAUCOMA/Im0583_g_ORIGA.jpg,1
Im0597_g_ORIGA.jpg,glaucoma,ORIGA_GLAUCOMA/Im0597_g_ORIGA.jpg,1
Im0631_g_ORIGA.jpg,glaucoma,ORIGA_GLAUCOMA/Im0631_g_ORIGA.jpg,1
Im0622_g_ORIGA.jpg,glaucoma,ORIGA_GLAUCOMA/Im0622_g_ORIGA.jpg,1
Im0545_g_ORIGA.jpg,glaucoma,ORIGA_GLAUCOMA/Im0545_g_ORIGA.jpg,1
Im0523_g_ORIGA.jpg,glaucoma,ORIGA_GLAUCOMA/Im0523_g_ORIGA.jpg,1
Im0573_g_ORIGA.jpg,glaucoma,ORIGA_GLAUCOMA/Im0573_g_ORIGA.jpg,1
Im0508_g_ORIGA.jpg,glaucoma,ORIGA_GLAUCOMA/Im0508_g_ORIGA.jpg,1
Im0607_g_ORIGA.jpg,glaucoma,ORIGA_GLAUCOMA/Im0607_g_ORIGA.jpg,1
Im0591_g_ORIGA.jpg,glaucoma,ORIGA_GLAUCOMA/Im0591_g_ORIGA.jpg,1
Im0629_g_ORIGA.jpg,glaucoma,ORIGA_GLAUCOMA/Im0629_g_ORIGA.jpg,1
Im0584_g_ORIGA.jpg,glaucoma,ORIGA_GLAUCOMA/Im0584_g_ORIGA.jpg,1
Im0613_g_ORIGA.jpg,glaucoma,ORIGA_GLAUCOMA/Im0613_g_ORIGA.jpg,1
Im0594_g_ORIGA.jpg,glaucoma,ORIGA_GLAUCOMA/Im0594_g_ORIGA.jpg,1
Im0502_g_ORIGA.jpg,glaucoma,ORIGA_GLAUCOMA/Im0502_g_ORIGA.jpg,1
Im0491_g_ORIGA.jpg,glaucoma,ORIGA_GLAUCOMA/Im0491_g_ORIGA.jpg,1
Im0509_g_ORIGA.jpg,glaucoma,ORIGA_GLAUCOMA/Im0509_g_ORIGA.jpg,1
Im0643_g_ORIGA.jpg,glaucoma,ORIGA_GLAUCOMA/Im0643_g_ORIGA.jpg,1
Im0501_g_ORIGA.jpg,glaucoma,ORIGA_GLAUCOMA/Im0501_g_ORIGA.jpg,1
Im0503_g_ORIGA.jpg,glaucoma,ORIGA_GLAUCOMA/Im0503_g_ORIGA.jpg,1
Im0540_g_ORIGA.jpg,glaucoma,ORIGA_GLAUCOMA/Im0540_g_ORIGA.jpg,1
Im0625_g_ORIGA.jpg,glaucoma,ORIGA_GLAUCOMA/Im0625_g_ORIGA.jpg,1
Im0528_g_ORIGA.jpg,glaucoma,ORIGA_GLAUCOMA/Im0528_g_ORIGA.jpg,1
Im0527_g_ORIGA.jpg,glaucoma,ORIGA_GLAUCOMA/Im0527_g_ORIGA.jpg,1
Im0649_g_ORIGA.jpg,glaucoma,ORIGA_GLAUCOMA/Im0649_g_ORIGA.jpg,1
Im0519_g_ORIGA.jpg,glaucoma,ORIGA_GLAUCOMA/Im0519_g_ORIGA.jpg,1
Im0522_g_ORIGA.jpg,glaucoma,ORIGA_GLAUCOMA/Im0522_g_ORIGA.jpg,1
Im0515_g_ORIGA.jpg,glaucoma,ORIGA_GLAUCOMA/Im0515_g_ORIGA.jpg,1
Im0608_g_ORIGA.jpg,glaucoma,ORIGA_GLAUCOMA/Im0608_g_ORIGA.jpg,1
Im0559_g_ORIGA.jpg,glaucoma,ORIGA_GLAUCOMA/Im0559_g_ORIGA.jpg,1
Im0598_g_ORIGA.jpg,glaucoma,ORIGA_GLAUCOMA/Im0598_g_ORIGA.jpg,1
Im0484_g_ORIGA.jpg,glaucoma,ORIGA_GLAUCOMA/Im0484_g_ORIGA.jpg,1
Im0646_g_ORIGA.jpg,glaucoma,ORIGA_GLAUCOMA/Im0646_g_ORIGA.jpg,1
Im0533_g_ORIGA.jpg,glaucoma,ORIGA_GLAUCOMA/Im0533_g_ORIGA.jpg,1
Im0586_g_ORIGA.jpg,glaucoma,ORIGA_GLAUCOMA/Im0586_g_ORIGA.jpg,1
Im0560_g_ORIGA.jpg,glaucoma,ORIGA_GLAUCOMA/Im0560_g_ORIGA.jpg,1
Im0627_g_ORIGA.jpg,glaucoma,ORIGA_GLAUCOMA/Im0627_g_ORIGA.jpg,1
Im0562_g_ORIGA.jpg,glaucoma,ORIGA_GLAUCOMA/Im0562_g_ORIGA.jpg,1
Im0585_g_ORIGA.jpg,glaucoma,ORIGA_GLAUCOMA/Im0585_g_ORIGA.jpg,1
Im0621_g_ORIGA.jpg,glaucoma,ORIGA_GLAUCOMA/Im0621_g_ORIGA.jpg,1
Im0645_g_ORIGA.jpg,glaucoma,ORIGA_GLAUCOMA/Im0645_g_ORIGA.jpg,1
Im0553_g_ORIGA.jpg,glaucoma,ORIGA_GLAUCOMA/Im0553_g_ORIGA.jpg,1
Im0555_g_ORIGA.jpg,glaucoma,ORIGA_GLAUCOMA/Im0555_g_ORIGA.jpg,1
Im0489_g_ORIGA.jpg,glaucoma,ORIGA_GLAUCOMA/Im0489_g_ORIGA.jpg,1
Im0634_g_ORIGA.jpg,glaucoma,ORIGA_GLAUCOMA/Im0634_g_ORIGA.jpg,1
Im0626_g_ORIGA.jpg,glaucoma,ORIGA_GLAUCOMA/Im0626_g_ORIGA.jpg,1
Im0599_g_ORIGA.jpg,glaucoma,ORIGA_GLAUCOMA/Im0599_g_ORIGA.jpg,1
Im0567_g_ORIGA.jpg,glaucoma,ORIGA_GLAUCOMA/Im0567_g_ORIGA.jpg,1
Im0514_g_ORIGA.jpg,glaucoma,ORIGA_GLAUCOMA/Im0514_g_ORIGA.jpg,1
Im0492_g_ORIGA.jpg,glaucoma,ORIGA_GLAUCOMA/Im0492_g_ORIGA.jpg,1
Im0616_g_ORIGA.jpg,glaucoma,ORIGA_GLAUCOMA/Im0616_g_ORIGA.jpg,1
Im0589_g_ORIGA.jpg,glaucoma,ORIGA_GLAUCOMA/Im0589_g_ORIGA.jpg,1
Im0496_g_ORIGA.jpg,glaucoma,ORIGA_GLAUCOMA/Im0496_g_ORIGA.jpg,1
Im0487_g_ORIGA.jpg,glaucoma,ORIGA_GLAUCOMA/Im0487_g_ORIGA.jpg,1
Im0512_g_ORIGA.jpg,glaucoma,ORIGA_GLAUCOMA/Im0512_g_ORIGA.jpg,1
Im0563_g_ORIGA.jpg,glaucoma,ORIGA_GLAUCOMA/Im0563_g_ORIGA.jpg,1
Im0490_g_ORIGA.jpg,glaucoma,ORIGA_GLAUCOMA/Im0490_g_ORIGA.jpg,1
Im0531_g_ORIGA.jpg,glaucoma,ORIGA_GLAUCOMA/Im0531_g_ORIGA.jpg,1
Im0556_g_ORIGA.jpg,glaucoma,ORIGA_GLAUCOMA/Im0556_g_ORIGA.jpg,1
Im0521_g_ORIGA.jpg,glaucoma,ORIGA_GLAUCOMA/Im0521_g_ORIGA.jpg,1
Im0582_g_ORIGA.jpg,glaucoma,ORIGA_GLAUCOMA/Im0582_g_ORIGA.jpg,1
Im0588_g_ORIGA.jpg,glaucoma,ORIGA_GLAUCOMA/Im0588_g_ORIGA.jpg,1
Im0558_g_ORIGA.jpg,glaucoma,ORIGA_GLAUCOMA/Im0558_g_ORIGA.jpg,1
Im0592_g_ORIGA.jpg,glaucoma,ORIGA_GLAUCOMA/Im0592_g_ORIGA.jpg,1
Im0596_g_ORIGA.jpg,glaucoma,ORIGA_GLAUCOMA/Im0596_g_ORIGA.jpg,1
Im0516_g_ORIGA.jpg,glaucoma,ORIGA_GLAUCOMA/Im0516_g_ORIGA.jpg,1
Im0507_g_ORIGA.jpg,glaucoma,ORIGA_GLAUCOMA/Im0507_g_ORIGA.jpg,1
Im0485_g_ORIGA.jpg,glaucoma,ORIGA_GLAUCOMA/Im0485_g_ORIGA.jpg,1
Im0580_g_ORIGA.jpg,glaucoma,ORIGA_GLAUCOMA/Im0580_g_ORIGA.jpg,1
Im0529_g_ORIGA.jpg,glaucoma,ORIGA_GLAUCOMA/Im0529_g_ORIGA.jpg,1
Im0538_g_ORIGA.jpg,glaucoma,ORIGA_GLAUCOMA/Im0538_g_ORIGA.jpg,1
Im0620_g_ORIGA.jpg,glaucoma,ORIGA_GLAUCOMA/Im0620_g_ORIGA.jpg,1
Im0602_g_ORIGA.jpg,glaucoma,ORIGA_GLAUCOMA/Im0602_g_ORIGA.jpg,1
Im0510_g_ORIGA.jpg,glaucoma,ORIGA_GLAUCOMA/Im0510_g_ORIGA.jpg,1
Im0518_g_ORIGA.jpg,glaucoma,ORIGA_GLAUCOMA/Im0518_g_ORIGA.jpg,1
Im0483_g_ORIGA.jpg,glaucoma,ORIGA_GLAUCOMA/Im0483_g_ORIGA.jpg,1
Im0536_g_ORIGA.jpg,glaucoma,ORIGA_GLAUCOMA/Im0536_g_ORIGA.jpg,1
Im0525_g_ORIGA.jpg,glaucoma,ORIGA_GLAUCOMA/Im0525_g_ORIGA.jpg,1
Im0551_g_ORIGA.jpg,glaucoma,ORIGA_GLAUCOMA/Im0551_g_ORIGA.jpg,1
Im0561_g_ORIGA.jpg,glaucoma,ORIGA_GLAUCOMA/Im0561_g_ORIGA.jpg,1
Im0600_g_ORIGA.jpg,glaucoma,ORIGA_GLAUCOMA/Im0600_g_ORIGA.jpg,1
Im0506_g_ORIGA.jpg,glaucoma,ORIGA_GLAUCOMA/Im0506_g_ORIGA.jpg,1
Im0524_g_ORIGA.jpg,glaucoma,ORIGA_GLAUCOMA/Im0524_g_ORIGA.jpg,1
Im0628_g_ORIGA.jpg,glaucoma,ORIGA_GLAUCOMA/Im0628_g_ORIGA.jpg,1
Im0637_g_ORIGA.jpg,glaucoma,ORIGA_GLAUCOMA/Im0637_g_ORIGA.jpg,1
Im0576_g_ORIGA.jpg,glaucoma,ORIGA_GLAUCOMA/Im0576_g_ORIGA.jpg,1
Im0544_g_ORIGA.jpg,glaucoma,ORIGA_GLAUCOMA/Im0544_g_ORIGA.jpg,1
Im0638_g_ORIGA.jpg,glaucoma,ORIGA_GLAUCOMA/Im0638_g_ORIGA.jpg,1
Im0548_g_ORIGA.jpg,glaucoma,ORIGA_GLAUCOMA/Im0548_g_ORIGA.jpg,1
Im0499_g_ORIGA.jpg,glaucoma,ORIGA_GLAUCOMA/Im0499_g_ORIGA.jpg,1
Im0632_g_ORIGA.jpg,glaucoma,ORIGA_GLAUCOMA/Im0632_g_ORIGA.jpg,1
Im0549_g_ORIGA.jpg,glaucoma,ORIGA_GLAUCOMA/Im0549_g_ORIGA.jpg,1
Im0644_g_ORIGA.jpg,glaucoma,ORIGA_GLAUCOMA/Im0644_g_ORIGA.jpg,1
Im0579_g_ORIGA.jpg,glaucoma,ORIGA_GLAUCOMA/Im0579_g_ORIGA.jpg,1
Im0543_g_ORIGA.jpg,glaucoma,ORIGA_GLAUCOMA/Im0543_g_ORIGA.jpg,1
5.jpg,glaucoma,DR_HAGIS_GLAUCOMA/5.jpg,1
8.jpg,glaucoma,DR_HAGIS_GLAUCOMA/8.jpg,1
2.jpg,glaucoma,DR_HAGIS_GLAUCOMA/2.jpg,1
4.jpg,glaucoma,DR_HAGIS_GLAUCOMA/4.jpg,1
1.jpg,glaucoma,DR_HAGIS_GLAUCOMA/1.jpg,1
7.jpg,glaucoma,DR_HAGIS_GLAUCOMA/7.jpg,1
Glaucoma_010.png,glaucoma,kaggle_ds/2_glaucoma/Glaucoma_010.png,1
Glaucoma_062.png,glaucoma,kaggle_ds/2_glaucoma/Glaucoma_062.png,1
Glaucoma_025.png,glaucoma,kaggle_ds/2_glaucoma/Glaucoma_025.png,1
Glaucoma_095.png,glaucoma,kaggle_ds/2_glaucoma/Glaucoma_095.png,1
Glaucoma_006.png,glaucoma,kaggle_ds/2_glaucoma/Glaucoma_006.png,1
Glaucoma_050.png,glaucoma,kaggle_ds/2_glaucoma/Glaucoma_050.png,1
Glaucoma_019.png,glaucoma,kaggle_ds/2_glaucoma/Glaucoma_019.png,1
Glaucoma_091.png,glaucoma,kaggle_ds/2_glaucoma/Glaucoma_091.png,1
Glaucoma_032.png,glaucoma,kaggle_ds/2_glaucoma/Glaucoma_032.png,1
Glaucoma_021.png,glaucoma,kaggle_ds/2_glaucoma/Glaucoma_021.png,1
Glaucoma_035.png,glaucoma,kaggle_ds/2_glaucoma/Glaucoma_035.png,1
Glaucoma_014.png,glaucoma,kaggle_ds/2_glaucoma/Glaucoma_014.png,1
Glaucoma_089.png,glaucoma,kaggle_ds/2_glaucoma/Glaucoma_089.png,1
Glaucoma_069.png,glaucoma,kaggle_ds/2_glaucoma/Glaucoma_069.png,1
Glaucoma_015.png,glaucoma,kaggle_ds/2_glaucoma/Glaucoma_015.png,1
Glaucoma_085.png,glaucoma,kaggle_ds/2_glaucoma/Glaucoma_085.png,1
Glaucoma_048.png,glaucoma,kaggle_ds/2_glaucoma/Glaucoma_048.png,1
Glaucoma_074.png,glaucoma,kaggle_ds/2_glaucoma/Glaucoma_074.png,1
Glaucoma_086.png,glaucoma,kaggle_ds/2_glaucoma/Glaucoma_086.png,1
Glaucoma_096.png,glaucoma,kaggle_ds/2_glaucoma/Glaucoma_096.png,1
Glaucoma_036.png,glaucoma,kaggle_ds/2_glaucoma/Glaucoma_036.png,1
Glaucoma_023.png,glaucoma,kaggle_ds/2_glaucoma/Glaucoma_023.png,1
Glaucoma_077.png,glaucoma,kaggle_ds/2_glaucoma/Glaucoma_077.png,1
Glaucoma_056.png,glaucoma,kaggle_ds/2_glaucoma/Glaucoma_056.png,1
Glaucoma_002.png,glaucoma,kaggle_ds/2_glaucoma/Glaucoma_002.png,1
Glaucoma_068.png,glaucoma,kaggle_ds/2_glaucoma/Glaucoma_068.png,1
Glaucoma_029.png,glaucoma,kaggle_ds/2_glaucoma/Glaucoma_029.png,1
Glaucoma_037.png,glaucoma,kaggle_ds/2_glaucoma/Glaucoma_037.png,1
Glaucoma_030.png,glaucoma,kaggle_ds/2_glaucoma/Glaucoma_030.png,1
Glaucoma_075.png,glaucoma,kaggle_ds/2_glaucoma/Glaucoma_075.png,1
Glaucoma_067.png,glaucoma,kaggle_ds/2_glaucoma/Glaucoma_067.png,1
Glaucoma_042.png,glaucoma,kaggle_ds/2_glaucoma/Glaucoma_042.png,1
Glaucoma_039.png,glaucoma,kaggle_ds/2_glaucoma/Glaucoma_039.png,1
Glaucoma_073.png,glaucoma,kaggle_ds/2_glaucoma/Glaucoma_073.png,1
Glaucoma_100.png,glaucoma,kaggle_ds/2_glaucoma/Glaucoma_100.png,1
Glaucoma_011.png,glaucoma,kaggle_ds/2_glaucoma/Glaucoma_011.png,1
Glaucoma_005.png,glaucoma,kaggle_ds/2_glaucoma/Glaucoma_005.png,1
Glaucoma_017.png,glaucoma,kaggle_ds/2_glaucoma/Glaucoma_017.png,1
Glaucoma_099.png,glaucoma,kaggle_ds/2_glaucoma/Glaucoma_099.png,1
Glaucoma_082.png,glaucoma,kaggle_ds/2_glaucoma/Glaucoma_082.png,1
Glaucoma_061.png,glaucoma,kaggle_ds/2_glaucoma/Glaucoma_061.png,1
Glaucoma_087.png,glaucoma,kaggle_ds/2_glaucoma/Glaucoma_087.png,1
Glaucoma_084.png,glaucoma,kaggle_ds/2_glaucoma/Glaucoma_084.png,1
Glaucoma_012.png,glaucoma,kaggle_ds/2_glaucoma/Glaucoma_012.png,1
Glaucoma_101.png,glaucoma,kaggle_ds/2_glaucoma/Glaucoma_101.png,1
Glaucoma_016.png,glaucoma,kaggle_ds/2_glaucoma/Glaucoma_016.png,1
Glaucoma_076.png,glaucoma,kaggle_ds/2_glaucoma/Glaucoma_076.png,1
Glaucoma_020.png,glaucoma,kaggle_ds/2_glaucoma/Glaucoma_020.png,1
Glaucoma_054.png,glaucoma,kaggle_ds/2_glaucoma/Glaucoma_054.png,1
Glaucoma_078.png,glaucoma,kaggle_ds/2_glaucoma/Glaucoma_078.png,1
Glaucoma_080.png,glaucoma,kaggle_ds/2_glaucoma/Glaucoma_080.png,1
Glaucoma_065.png,glaucoma,kaggle_ds/2_glaucoma/Glaucoma_065.png,1
Glaucoma_063.png,glaucoma,kaggle_ds/2_glaucoma/Glaucoma_063.png,1
Glaucoma_026.png,glaucoma,kaggle_ds/2_glaucoma/Glaucoma_026.png,1
Glaucoma_013.png,glaucoma,kaggle_ds/2_glaucoma/Glaucoma_013.png,1
Glaucoma_022.png,glaucoma,kaggle_ds/2_glaucoma/Glaucoma_022.png,1
Glaucoma_071.png,glaucoma,kaggle_ds/2_glaucoma/Glaucoma_071.png,1
Glaucoma_033.png,glaucoma,kaggle_ds/2_glaucoma/Glaucoma_033.png,1
Glaucoma_024.png,glaucoma,kaggle_ds/2_glaucoma/Glaucoma_024.png,1
Glaucoma_038.png,glaucoma,kaggle_ds/2_glaucoma/Glaucoma_038.png,1
Glaucoma_027.png,glaucoma,kaggle_ds/2_glaucoma/Glaucoma_027.png,1
Glaucoma_079.png,glaucoma,kaggle_ds/2_glaucoma/Glaucoma_079.png,1
Glaucoma_070.png,glaucoma,kaggle_ds/2_glaucoma/Glaucoma_070.png,1
Glaucoma_097.png,glaucoma,kaggle_ds/2_glaucoma/Glaucoma_097.png,1
Glaucoma_046.png,glaucoma,kaggle_ds/2_glaucoma/Glaucoma_046.png,1
Glaucoma_003.png,glaucoma,kaggle_ds/2_glaucoma/Glaucoma_003.png,1
Glaucoma_060.png,glaucoma,kaggle_ds/2_glaucoma/Glaucoma_060.png,1
Glaucoma_064.png,glaucoma,kaggle_ds/2_glaucoma/Glaucoma_064.png,1
Glaucoma_058.png,glaucoma,kaggle_ds/2_glaucoma/Glaucoma_058.png,1
drishtiGS_003.png,glaucoma,Drishti/drishtiGS_003.png,1
drishtiGS_005.png,glaucoma,Drishti/drishtiGS_005.png,1
drishtiGS_006.png,glaucoma,Drishti/drishtiGS_006.png,1
drishtiGS_010.png,glaucoma,Drishti/drishtiGS_010.png,1
drishtiGS_011.png,glaucoma,Drishti/drishtiGS_011.png,1
drishtiGS_012.png,glaucoma,Drishti/drishtiGS_012.png,1
drishtiGS_014.png,glaucoma,Drishti/drishtiGS_014.png,1
drishtiGS_015.png,glaucoma,Drishti/drishtiGS_015.png,1
drishtiGS_016.png,glaucoma,Drishti/drishtiGS_016.png,1
drishtiGS_019.png,glaucoma,Drishti/drishtiGS_019.png,1
drishtiGS_021.png,glaucoma,Drishti/drishtiGS_021.png,1
drishtiGS_022.png,glaucoma,Drishti/drishtiGS_022.png,1
drishtiGS_023.png,glaucoma,Drishti/drishtiGS_023.png,1
drishtiGS_024.png,glaucoma,Drishti/drishtiGS_024.png,1
drishtiGS_025.png,glaucoma,Drishti/drishtiGS_025.png,1
drishtiGS_027.png,glaucoma,Drishti/drishtiGS_027.png,1
drishtiGS_029.png,glaucoma,Drishti/drishtiGS_029.png,1
drishtiGS_030.png,glaucoma,Drishti/drishtiGS_030.png,1
drishtiGS_034.png,glaucoma,Drishti/drishtiGS_034.png,1
drishtiGS_038.png,glaucoma,Drishti/drishtiGS_038.png,1
drishtiGS_039.png,glaucoma,Drishti/drishtiGS_039.png,1
drishtiGS_040.png,glaucoma,Drishti/drishtiGS_040.png,1
drishtiGS_044.png,glaucoma,Drishti/drishtiGS_044.png,1
drishtiGS_049.png,glaucoma,Drishti/drishtiGS_049.png,1
drishtiGS_050.png,glaucoma,Drishti/drishtiGS_050.png,1
drishtiGS_051.png,glaucoma,Drishti/drishtiGS_051.png,1
drishtiGS_053.png,glaucoma,Drishti/drishtiGS_053.png,1
drishtiGS_054.png,glaucoma,Drishti/drishtiGS_054.png,1
drishtiGS_059.png,glaucoma,Drishti/drishtiGS_059.png,1
drishtiGS_060.png,glaucoma,Drishti/drishtiGS_060.png,1
drishtiGS_061.png,glaucoma,Drishti/drishtiGS_061.png,1
drishtiGS_062.png,glaucoma,Drishti/drishtiGS_062.png,1
drishtiGS_063.png,glaucoma,Drishti/drishtiGS_063.png,1
drishtiGS_064.png,glaucoma,Drishti/drishtiGS_064.png,1
drishtiGS_065.png,glaucoma,Drishti/drishtiGS_065.png,1
drishtiGS_066.png,glaucoma,Drishti/drishtiGS_066.png,1
drishtiGS_067.png,glaucoma,Drishti/drishtiGS_067.png,1
drishtiGS_068.png,glaucoma,Drishti/drishtiGS_068.png,1
drishtiGS_069.png,glaucoma,Drishti/drishtiGS_069.png,1
drishtiGS_070.png,glaucoma,Drishti/drishtiGS_070.png,1
drishtiGS_073.png,glaucoma,Drishti/drishtiGS_073.png,1
drishtiGS_075.png,glaucoma,Drishti/drishtiGS_075.png,1
drishtiGS_076.png,glaucoma,Drishti/drishtiGS_076.png,1
drishtiGS_077.png,glaucoma,Drishti/drishtiGS_077.png,1
drishtiGS_079.png,glaucoma,Drishti/drishtiGS_079.png,1
drishtiGS_080.png,glaucoma,Drishti/drishtiGS_080.png,1
drishtiGS_081.png,glaucoma,Drishti/drishtiGS_081.png,1
drishtiGS_082.png,glaucoma,Drishti/drishtiGS_082.png,1
drishtiGS_083.png,glaucoma,Drishti/drishtiGS_083.png,1
drishtiGS_088.png,glaucoma,Drishti/drishtiGS_088.png,1
Im034.bmp,glaucoma,RIMONE_r1/Early/Im034.bmp,1
Im035.bmp,glaucoma,RIMONE_r1/Early/Im035.bmp,1
Im135.bmp,glaucoma,RIMONE_r1/Early/Im135.bmp,1
Im007.bmp,glaucoma,RIMONE_r1/Early/Im007.bmp,1
Im021.bmp,glaucoma,RIMONE_r1/Early/Im021.bmp,1
Im039.bmp,glaucoma,RIMONE_r1/Early/Im039.bmp,1
Im053.bmp,glaucoma,RIMONE_r1/Moderate/Im053.bmp,1
Im102.bmp,glaucoma,RIMONE_r1/Moderate/Im102.bmp,1
Im045.bmp,glaucoma,RIMONE_r1/Moderate/Im045.bmp,1
Im123.bmp,glaucoma,RIMONE_r1/Moderate/Im123.bmp,1
Im124.bmp,glaucoma,RIMONE_r1/Moderate/Im124.bmp,1
Im144.bmp,glaucoma,RIMONE_r1/Moderate/Im144.bmp,1
Im018.bmp,glaucoma,RIMONE_r1/Moderate/Im018.bmp,1
Im030.bmp,glaucoma,RIMONE_r1/Moderate/Im030.bmp,1
Im167.bmp,glaucoma,RIMONE_r1/Moderate/Im167.bmp,1
Im044.bmp,glaucoma,RIMONE_r1/Moderate/Im044.bmp,1
Im122.bmp,glaucoma,RIMONE_r1/Moderate/Im122.bmp,1
Im069.bmp,glaucoma,RIMONE_r1/Deep/Im069.bmp,1
Im121.bmp,glaucoma,RIMONE_r1/Deep/Im121.bmp,1
Im126.bmp,glaucoma,RIMONE_r1/Deep/Im126.bmp,1
Im048.bmp,glaucoma,RIMONE_r1/Deep/Im048.bmp,1
Im118.bmp,glaucoma,RIMONE_r1/Deep/Im118.bmp,1
Im103.bmp,glaucoma,RIMONE_r1/Deep/Im103.bmp,1
Im158.bmp,glaucoma,RIMONE_r1/Deep/Im158.bmp,1
Im038.bmp,glaucoma,RIMONE_r1/Deep/Im038.bmp,1
Im120.bmp,glaucoma,RIMONE_r1/Deep/Im120.bmp,1
Im140.bmp,glaucoma,RIMONE_r1/OHT/Im140.bmp,1
Im092.bmp,glaucoma,RIMONE_r1/OHT/Im092.bmp,1
Im064.bmp,glaucoma,RIMONE_r1/OHT/Im064.bmp,1
Im139.bmp,glaucoma,RIMONE_r1/OHT/Im139.bmp,1
Im147.bmp,glaucoma,RIMONE_r1/OHT/Im147.bmp,1
Im134.bmp,glaucoma,RIMONE_r1/OHT/Im134.bmp,1
Im099.bmp,glaucoma,RIMONE_r1/OHT/Im099.bmp,1
Im093.bmp,glaucoma,RIMONE_r1/OHT/Im093.bmp,1
Im141.bmp,glaucoma,RIMONE_r1/OHT/Im141.bmp,1
Im387.jpg,glaucoma,RIMONE_r2/Glaucoma and glaucoma suspicious/Im387.jpg,1
Im279.jpg,glaucoma,RIMONE_r2/Glaucoma and glaucoma suspicious/Im279.jpg,1
Im291.jpg,glaucoma,RIMONE_r2/Glaucoma and glaucoma suspicious/Im291.jpg,1
Im326.jpg,glaucoma,RIMONE_r2/Glaucoma and glaucoma suspicious/Im326.jpg,1
Im312.jpg,glaucoma,RIMONE_r2/Glaucoma and glaucoma suspicious/Im312.jpg,1
Im275.jpg,glaucoma,RIMONE_r2/Glaucoma and glaucoma suspicious/Im275.jpg,1
Im389.jpg,glaucoma,RIMONE_r2/Glaucoma and glaucoma suspicious/Im389.jpg,1
Im342.jpg,glaucoma,RIMONE_r2/Glaucoma and glaucoma suspicious/Im342.jpg,1
Im337.jpg,glaucoma,RIMONE_r2/Glaucoma and glaucoma suspicious/Im337.jpg,1
Im313.jpg,glaucoma,RIMONE_r2/Glaucoma and glaucoma suspicious/Im313.jpg,1
Im445.jpg,glaucoma,RIMONE_r2/Glaucoma and glaucoma suspicious/Im445.jpg,1
Im399.jpg,glaucoma,RIMONE_r2/Glaucoma and glaucoma suspicious/Im399.jpg,1
Im391.jpg,glaucoma,RIMONE_r2/Glaucoma and glaucoma suspicious/Im391.jpg,1
Im323.jpg,glaucoma,RIMONE_r2/Glaucoma and glaucoma suspicious/Im323.jpg,1
Im453.jpg,glaucoma,RIMONE_r2/Glaucoma and glaucoma suspicious/Im453.jpg,1
Im280.jpg,glaucoma,RIMONE_r2/Glaucoma and glaucoma suspicious/Im280.jpg,1
Im296.jpg,glaucoma,RIMONE_r2/Glaucoma and glaucoma suspicious/Im296.jpg,1
Im304.jpg,glaucoma,RIMONE_r2/Glaucoma and glaucoma suspicious/Im304.jpg,1
Im396.jpg,glaucoma,RIMONE_r2/Glaucoma and glaucoma suspicious/Im396.jpg,1
Im285.jpg,glaucoma,RIMONE_r2/Glaucoma and glaucoma suspicious/Im285.jpg,1
Im405.jpg,glaucoma,RIMONE_r2/Glaucoma and glaucoma suspicious/Im405.jpg,1
Im300.jpg,glaucoma,RIMONE_r2/Glaucoma and glaucoma suspicious/Im300.jpg,1
Im302.jpg,glaucoma,RIMONE_r2/Glaucoma and glaucoma suspicious/Im302.jpg,1
Im375.jpg,glaucoma,RIMONE_r2/Glaucoma and glaucoma suspicious/Im375.jpg,1
Im257.jpg,glaucoma,RIMONE_r2/Glaucoma and glaucoma suspicious/Im257.jpg,1
Im427.jpg,glaucoma,RIMONE_r2/Glaucoma and glaucoma suspicious/Im427.jpg,1
Im390.jpg,glaucoma,RIMONE_r2/Glaucoma and glaucoma suspicious/Im390.jpg,1
Im265.jpg,glaucoma,RIMONE_r2/Glaucoma and glaucoma suspicious/Im265.jpg,1
Im310.jpg,glaucoma,RIMONE_r2/Glaucoma and glaucoma suspicious/Im310.jpg,1
Im363.jpg,glaucoma,RIMONE_r2/Glaucoma and glaucoma suspicious/Im363.jpg,1
Im322.jpg,glaucoma,RIMONE_r2/Glaucoma and glaucoma suspicious/Im322.jpg,1
Im346.jpg,glaucoma,RIMONE_r2/Glaucoma and glaucoma suspicious/Im346.jpg,1
Im316.jpg,glaucoma,RIMONE_r2/Glaucoma and glaucoma suspicious/Im316.jpg,1
Im380.jpg,glaucoma,RIMONE_r2/Glaucoma and glaucoma suspicious/Im380.jpg,1
Im382.jpg,glaucoma,RIMONE_r2/Glaucoma and glaucoma suspicious/Im382.jpg,1
Im317.jpg,glaucoma,RIMONE_r2/Glaucoma and glaucoma suspicious/Im317.jpg,1
Im442.jpg,glaucoma,RIMONE_r2/Glaucoma and glaucoma suspicious/Im442.jpg,1
Im452.jpg,glaucoma,RIMONE_r2/Glaucoma and glaucoma suspicious/Im452.jpg,1
Im306.jpg,glaucoma,RIMONE_r2/Glaucoma and glaucoma suspicious/Im306.jpg,1
Im437.jpg,glaucoma,RIMONE_r2/Glaucoma and glaucoma suspicious/Im437.jpg,1
Im319.jpg,glaucoma,RIMONE_r2/Glaucoma and glaucoma suspicious/Im319.jpg,1
Im372.jpg,glaucoma,RIMONE_r2/Glaucoma and glaucoma suspicious/Im372.jpg,1
Im293.jpg,glaucoma,RIMONE_r2/Glaucoma and glaucoma suspicious/Im293.jpg,1
Im444.jpg,glaucoma,RIMONE_r2/Glaucoma and glaucoma suspicious/Im444.jpg,1
Im277.jpg,glaucoma,RIMONE_r2/Glaucoma and glaucoma suspicious/Im277.jpg,1
Im365.jpg,glaucoma,RIMONE_r2/Glaucoma and glaucoma suspicious/Im365.jpg,1
Im355.jpg,glaucoma,RIMONE_r2/Glaucoma and glaucoma suspicious/Im355.jpg,1
Im423.jpg,glaucoma,RIMONE_r2/Glaucoma and glaucoma suspicious/Im423.jpg,1
Im443.jpg,glaucoma,RIMONE_r2/Glaucoma and glaucoma suspicious/Im443.jpg,1
Im288.jpg,glaucoma,RIMONE_r2/Glaucoma and glaucoma suspicious/Im288.jpg,1
Im352.jpg,glaucoma,RIMONE_r2/Glaucoma and glaucoma suspicious/Im352.jpg,1
Im336.jpg,glaucoma,RIMONE_r2/Glaucoma and glaucoma suspicious/Im336.jpg,1
Im359.jpg,glaucoma,RIMONE_r2/Glaucoma and glaucoma suspicious/Im359.jpg,1
Im451.jpg,glaucoma,RIMONE_r2/Glaucoma and glaucoma suspicious/Im451.jpg,1
Im301.jpg,glaucoma,RIMONE_r2/Glaucoma and glaucoma suspicious/Im301.jpg,1
Im264.jpg,glaucoma,RIMONE_r2/Glaucoma and glaucoma suspicious/Im264.jpg,1
Im401.jpg,glaucoma,RIMONE_r2/Glaucoma and glaucoma suspicious/Im401.jpg,1
Im441.jpg,glaucoma,RIMONE_r2/Glaucoma and glaucoma suspicious/Im441.jpg,1
Im281.jpg,glaucoma,RIMONE_r2/Glaucoma and glaucoma suspicious/Im281.jpg,1
Im321.jpg,glaucoma,RIMONE_r2/Glaucoma and glaucoma suspicious/Im321.jpg,1
Im407.jpg,glaucoma,RIMONE_r2/Glaucoma and glaucoma suspicious/Im407.jpg,1
Im333.jpg,glaucoma,RIMONE_r2/Glaucoma and glaucoma suspicious/Im333.jpg,1
Im361.jpg,glaucoma,RIMONE_r2/Glaucoma and glaucoma suspicious/Im361.jpg,1
Im417.jpg,glaucoma,RIMONE_r2/Glaucoma and glaucoma suspicious/Im417.jpg,1
Im397.jpg,glaucoma,RIMONE_r2/Glaucoma and glaucoma suspicious/Im397.jpg,1
Im266.jpg,glaucoma,RIMONE_r2/Glaucoma and glaucoma suspicious/Im266.jpg,1
Im284.jpg,glaucoma,RIMONE_r2/Glaucoma and glaucoma suspicious/Im284.jpg,1
Im369.jpg,glaucoma,RIMONE_r2/Glaucoma and glaucoma suspicious/Im369.jpg,1
Im356.jpg,glaucoma,RIMONE_r2/Glaucoma and glaucoma suspicious/Im356.jpg,1
Im383.jpg,glaucoma,RIMONE_r2/Glaucoma and glaucoma suspicious/Im383.jpg,1
Im371.jpg,glaucoma,RIMONE_r2/Glaucoma and glaucoma suspicious/Im371.jpg,1
Im305.jpg,glaucoma,RIMONE_r2/Glaucoma and glaucoma suspicious/Im305.jpg,1
Im388.jpg,glaucoma,RIMONE_r2/Glaucoma and glaucoma suspicious/Im388.jpg,1
Im436.jpg,glaucoma,RIMONE_r2/Glaucoma and glaucoma suspicious/Im436.jpg,1
Im398.jpg,glaucoma,RIMONE_r2/Glaucoma and glaucoma suspicious/Im398.jpg,1
Im373.jpg,glaucoma,RIMONE_r2/Glaucoma and glaucoma suspicious/Im373.jpg,1
Im386.jpg,glaucoma,RIMONE_r2/Glaucoma and glaucoma suspicious/Im386.jpg,1
Im282.jpg,glaucoma,RIMONE_r2/Glaucoma and glaucoma suspicious/Im282.jpg,1
Im395.jpg,glaucoma,RIMONE_r2/Glaucoma and glaucoma suspicious/Im395.jpg,1
Im381.jpg,glaucoma,RIMONE_r2/Glaucoma and glaucoma suspicious/Im381.jpg,1
Im260.jpg,glaucoma,RIMONE_r2/Glaucoma and glaucoma suspicious/Im260.jpg,1
Im271.jpg,glaucoma,RIMONE_r2/Glaucoma and glaucoma suspicious/Im271.jpg,1
Im366.jpg,glaucoma,RIMONE_r2/Glaucoma and glaucoma suspicious/Im366.jpg,1
Im303.jpg,glaucoma,RIMONE_r2/Glaucoma and glaucoma suspicious/Im303.jpg,1
Im385.jpg,glaucoma,RIMONE_r2/Glaucoma and glaucoma suspicious/Im385.jpg,1
Im432.jpg,glaucoma,RIMONE_r2/Glaucoma and glaucoma suspicious/Im432.jpg,1
Im268.jpg,glaucoma,RIMONE_r2/Glaucoma and glaucoma suspicious/Im268.jpg,1
Im400.jpg,glaucoma,RIMONE_r2/Glaucoma and glaucoma suspicious/Im400.jpg,1
Im426.jpg,glaucoma,RIMONE_r2/Glaucoma and glaucoma suspicious/Im426.jpg,1
Im360.jpg,glaucoma,RIMONE_r2/Glaucoma and glaucoma suspicious/Im360.jpg,1
Im320.jpg,glaucoma,RIMONE_r2/Glaucoma and glaucoma suspicious/Im320.jpg,1
Im434.jpg,glaucoma,RIMONE_r2/Glaucoma and glaucoma suspicious/Im434.jpg,1
Im379.jpg,glaucoma,RIMONE_r2/Glaucoma and glaucoma suspicious/Im379.jpg,1
Im270.jpg,glaucoma,RIMONE_r2/Glaucoma and glaucoma suspicious/Im270.jpg,1
Im308.jpg,glaucoma,RIMONE_r2/Glaucoma and glaucoma suspicious/Im308.jpg,1
Im314.jpg,glaucoma,RIMONE_r2/Glaucoma and glaucoma suspicious/Im314.jpg,1
Im408.jpg,glaucoma,RIMONE_r2/Glaucoma and glaucoma suspicious/Im408.jpg,1
Im318.jpg,glaucoma,RIMONE_r2/Glaucoma and glaucoma suspicious/Im318.jpg,1
Im424.jpg,glaucoma,RIMONE_r2/Glaucoma and glaucoma suspicious/Im424.jpg,1
Im259.jpg,glaucoma,RIMONE_r2/Glaucoma and glaucoma suspicious/Im259.jpg,1
Im384.jpg,glaucoma,RIMONE_r2/Glaucoma and glaucoma suspicious/Im384.jpg,1
Im362.jpg,glaucoma,RIMONE_r2/Glaucoma and glaucoma suspicious/Im362.jpg,1
Im292.jpg,glaucoma,RIMONE_r2/Glaucoma and glaucoma suspicious/Im292.jpg,1
Im278.jpg,glaucoma,RIMONE_r2/Glaucoma and glaucoma suspicious/Im278.jpg,1
Im429.jpg,glaucoma,RIMONE_r2/Glaucoma and glaucoma suspicious/Im429.jpg,1
Im440.jpg,glaucoma,RIMONE_r2/Glaucoma and glaucoma suspicious/Im440.jpg,1
Im353.jpg,glaucoma,RIMONE_r2/Glaucoma and glaucoma suspicious/Im353.jpg,1
Im262.jpg,glaucoma,RIMONE_r2/Glaucoma and glaucoma suspicious/Im262.jpg,1
Im406.jpg,glaucoma,RIMONE_r2/Glaucoma and glaucoma suspicious/Im406.jpg,1
Im378.jpg,glaucoma,RIMONE_r2/Glaucoma and glaucoma suspicious/Im378.jpg,1
Im425.jpg,glaucoma,RIMONE_r2/Glaucoma and glaucoma suspicious/Im425.jpg,1
Im392.jpg,glaucoma,RIMONE_r2/Glaucoma and glaucoma suspicious/Im392.jpg,1
Im377.jpg,glaucoma,RIMONE_r2/Glaucoma and glaucoma suspicious/Im377.jpg,1
Im335.jpg,glaucoma,RIMONE_r2/Glaucoma and glaucoma suspicious/Im335.jpg,1
Im393.jpg,glaucoma,RIMONE_r2/Glaucoma and glaucoma suspicious/Im393.jpg,1
Im328.jpg,glaucoma,RIMONE_r2/Glaucoma and glaucoma suspicious/Im328.jpg,1
Im354.jpg,glaucoma,RIMONE_r2/Glaucoma and glaucoma suspicious/Im354.jpg,1
Im357.jpg,glaucoma,RIMONE_r2/Glaucoma and glaucoma suspicious/Im357.jpg,1
Im345.jpg,glaucoma,RIMONE_r2/Glaucoma and glaucoma suspicious/Im345.jpg,1
Im438.jpg,glaucoma,RIMONE_r2/Glaucoma and glaucoma suspicious/Im438.jpg,1
Im298.jpg,glaucoma,RIMONE_r2/Glaucoma and glaucoma suspicious/Im298.jpg,1
Im447.jpg,glaucoma,RIMONE_r2/Glaucoma and glaucoma suspicious/Im447.jpg,1
Im416.jpg,glaucoma,RIMONE_r2/Glaucoma and glaucoma suspicious/Im416.jpg,1
Im376.jpg,glaucoma,RIMONE_r2/Glaucoma and glaucoma suspicious/Im376.jpg,1
Im419.jpg,glaucoma,RIMONE_r2/Glaucoma and glaucoma suspicious/Im419.jpg,1
Im294.jpg,glaucoma,RIMONE_r2/Glaucoma and glaucoma suspicious/Im294.jpg,1
Im409.jpg,glaucoma,RIMONE_r2/Glaucoma and glaucoma suspicious/Im409.jpg,1
Im364.jpg,glaucoma,RIMONE_r2/Glaucoma and glaucoma suspicious/Im364.jpg,1
Im287.jpg,glaucoma,RIMONE_r2/Glaucoma and glaucoma suspicious/Im287.jpg,1
Im402.jpg,glaucoma,RIMONE_r2/Glaucoma and glaucoma suspicious/Im402.jpg,1
Im307.jpg,glaucoma,RIMONE_r2/Glaucoma and glaucoma suspicious/Im307.jpg,1
Im454.jpg,glaucoma,RIMONE_r2/Glaucoma and glaucoma suspicious/Im454.jpg,1
Im430.jpg,glaucoma,RIMONE_r2/Glaucoma and glaucoma suspicious/Im430.jpg,1
Im404.jpg,glaucoma,RIMONE_r2/Glaucoma and glaucoma suspicious/Im404.jpg,1
Im413.jpg,glaucoma,RIMONE_r2/Glaucoma and glaucoma suspicious/Im413.jpg,1
Im269.jpg,glaucoma,RIMONE_r2/Glaucoma and glaucoma suspicious/Im269.jpg,1
Im289.jpg,glaucoma,RIMONE_r2/Glaucoma and glaucoma suspicious/Im289.jpg,1
S-7-L.jpg,glaucoma,RIMONE_r3_CROPPED/S-7-L.jpg,1
G-4-L.jpg,glaucoma,RIMONE_r3_CROPPED/G-4-L.jpg,1
G-3-R.jpg,glaucoma,RIMONE_r3_CROPPED/G-3-R.jpg,1
G-9-R.jpg,glaucoma,RIMONE_r3_CROPPED/G-9-R.jpg,1
S-14-R.jpg,glaucoma,RIMONE_r3_CROPPED/S-14-R.jpg,1
S-9-L.jpg,glaucoma,RIMONE_r3_CROPPED/S-9-L.jpg,1
S-31-L.jpg,glaucoma,RIMONE_r3_CROPPED/S-31-L.jpg,1
S-28-R.jpg,glaucoma,RIMONE_r3_CROPPED/S-28-R.jpg,1
G-34-L.jpg,glaucoma,RIMONE_r3_CROPPED/G-34-L.jpg,1
G-26-R.jpg,glaucoma,RIMONE_r3_CROPPED/G-26-R.jpg,1
S-4-L.jpg,glaucoma,RIMONE_r3_CROPPED/S-4-L.jpg,1
G-32-L.jpg,glaucoma,RIMONE_r3_CROPPED/G-32-L.jpg,1
S-23-L.jpg,glaucoma,RIMONE_r3_CROPPED/S-23-L.jpg,1
S-35-R.jpg,glaucoma,RIMONE_r3_CROPPED/S-35-R.jpg,1
S-30-L.jpg,glaucoma,RIMONE_r3_CROPPED/S-30-L.jpg,1
G-23-R.jpg,glaucoma,RIMONE_r3_CROPPED/G-23-R.jpg,1
G-29-R.jpg,glaucoma,RIMONE_r3_CROPPED/G-29-R.jpg,1
S-33-R.jpg,glaucoma,RIMONE_r3_CROPPED/S-33-R.jpg,1
S-16-R.jpg,glaucoma,RIMONE_r3_CROPPED/S-16-R.jpg,1
S-13-R.jpg,glaucoma,RIMONE_r3_CROPPED/S-13-R.jpg,1
G-33-R.jpg,glaucoma,RIMONE_r3_CROPPED/G-33-R.jpg,1
G-14-R.jpg,glaucoma,RIMONE_r3_CROPPED/G-14-R.jpg,1
G-13-R.jpg,glaucoma,RIMONE_r3_CROPPED/G-13-R.jpg,1
G-35-R.jpg,glaucoma,RIMONE_r3_CROPPED/G-35-R.jpg,1
G-6-L.jpg,glaucoma,RIMONE_r3_CROPPED/G-6-L.jpg,1
G-22-L.jpg,glaucoma,RIMONE_r3_CROPPED/G-22-L.jpg,1
G-19-R.jpg,glaucoma,RIMONE_r3_CROPPED/G-19-R.jpg,1
Im0176_ORIGA.jpg,normal,ORIGA_NORMAL/Im0176_ORIGA.jpg,0
Im0166_ORIGA.jpg,normal,ORIGA_NORMAL/Im0166_ORIGA.jpg,0
Im0156_ORIGA.jpg,normal,ORIGA_NORMAL/Im0156_ORIGA.jpg,0
Im0439_ORIGA.jpg,normal,ORIGA_NORMAL/Im0439_ORIGA.jpg,0
Im0152_ORIGA.jpg,normal,ORIGA_NORMAL/Im0152_ORIGA.jpg,0
Im0220_ORIGA.jpg,normal,ORIGA_NORMAL/Im0220_ORIGA.jpg,0
Im0287_ORIGA.jpg,normal,ORIGA_NORMAL/Im0287_ORIGA.jpg,0
Im0306_ORIGA.jpg,normal,ORIGA_NORMAL/Im0306_ORIGA.jpg,0
Im0291_ORIGA.jpg,normal,ORIGA_NORMAL/Im0291_ORIGA.jpg,0
Im0271_ORIGA.jpg,normal,ORIGA_NORMAL/Im0271_ORIGA.jpg,0
Im0138_ORIGA.jpg,normal,ORIGA_NORMAL/Im0138_ORIGA.jpg,0
Im0419_ORIGA.jpg,normal,ORIGA_NORMAL/Im0419_ORIGA.jpg,0
Im0393_ORIGA.jpg,normal,ORIGA_NORMAL/Im0393_ORIGA.jpg,0
Im0001_ORIGA.jpg,normal,ORIGA_NORMAL/Im0001_ORIGA.jpg,0
Im0205_ORIGA.jpg,normal,ORIGA_NORMAL/Im0205_ORIGA.jpg,0
Im0148_ORIGA.jpg,normal,ORIGA_NORMAL/Im0148_ORIGA.jpg,0
Im0110_ORIGA.jpg,normal,ORIGA_NORMAL/Im0110_ORIGA.jpg,0
Im0411_ORIGA.jpg,normal,ORIGA_NORMAL/Im0411_ORIGA.jpg,0
Im0201_ORIGA.jpg,normal,ORIGA_NORMAL/Im0201_ORIGA.jpg,0
Im0462_ORIGA.jpg,normal,ORIGA_NORMAL/Im0462_ORIGA.jpg,0
Im0300_ORIGA.jpg,normal,ORIGA_NORMAL/Im0300_ORIGA.jpg,0
Im0337_ORIGA.jpg,normal,ORIGA_NORMAL/Im0337_ORIGA.jpg,0
Im0355_ORIGA.jpg,normal,ORIGA_NORMAL/Im0355_ORIGA.jpg,0
Im0283_ORIGA.jpg,normal,ORIGA_NORMAL/Im0283_ORIGA.jpg,0
Im0020_ORIGA.jpg,normal,ORIGA_NORMAL/Im0020_ORIGA.jpg,0
Im0161_ORIGA.jpg,normal,ORIGA_NORMAL/Im0161_ORIGA.jpg,0
Im0112_ORIGA.jpg,normal,ORIGA_NORMAL/Im0112_ORIGA.jpg,0
Im0006_ORIGA.jpg,normal,ORIGA_NORMAL/Im0006_ORIGA.jpg,0
Im0424_ORIGA.jpg,normal,ORIGA_NORMAL/Im0424_ORIGA.jpg,0
Im0459_ORIGA.jpg,normal,ORIGA_NORMAL/Im0459_ORIGA.jpg,0
Im0084_ORIGA.jpg,normal,ORIGA_NORMAL/Im0084_ORIGA.jpg,0
Im0198_ORIGA.jpg,normal,ORIGA_NORMAL/Im0198_ORIGA.jpg,0
Im0316_ORIGA.jpg,normal,ORIGA_NORMAL/Im0316_ORIGA.jpg,0
Im0164_ORIGA.jpg,normal,ORIGA_NORMAL/Im0164_ORIGA.jpg,0
Im0446_ORIGA.jpg,normal,ORIGA_NORMAL/Im0446_ORIGA.jpg,0
Im0021_ORIGA.jpg,normal,ORIGA_NORMAL/Im0021_ORIGA.jpg,0
Im0101_ORIGA.jpg,normal,ORIGA_NORMAL/Im0101_ORIGA.jpg,0
Im0259_ORIGA.jpg,normal,ORIGA_NORMAL/Im0259_ORIGA.jpg,0
Im0373_ORIGA.jpg,normal,ORIGA_NORMAL/Im0373_ORIGA.jpg,0
Im0150_ORIGA.jpg,normal,ORIGA_NORMAL/Im0150_ORIGA.jpg,0
Im0379_ORIGA.jpg,normal,ORIGA_NORMAL/Im0379_ORIGA.jpg,0
Im0141_ORIGA.jpg,normal,ORIGA_NORMAL/Im0141_ORIGA.jpg,0
Im0219_ORIGA.jpg,normal,ORIGA_NORMAL/Im0219_ORIGA.jpg,0
Im0005_ORIGA.jpg,normal,ORIGA_NORMAL/Im0005_ORIGA.jpg,0
Im0056_ORIGA.jpg,normal,ORIGA_NORMAL/Im0056_ORIGA.jpg,0
Im0438_ORIGA.jpg,normal,ORIGA_NORMAL/Im0438_ORIGA.jpg,0
Im0029_ORIGA.jpg,normal,ORIGA_NORMAL/Im0029_ORIGA.jpg,0
Im0011_ORIGA.jpg,normal,ORIGA_NORMAL/Im0011_ORIGA.jpg,0
Im0255_ORIGA.jpg,normal,ORIGA_NORMAL/Im0255_ORIGA.jpg,0
Im0009_ORIGA.jpg,normal,ORIGA_NORMAL/Im0009_ORIGA.jpg,0
Im0478_ORIGA.jpg,normal,ORIGA_NORMAL/Im0478_ORIGA.jpg,0
Im0417_ORIGA.jpg,normal,ORIGA_NORMAL/Im0417_ORIGA.jpg,0
Im0343_ORIGA.jpg,normal,ORIGA_NORMAL/Im0343_ORIGA.jpg,0
Im0344_ORIGA.jpg,normal,ORIGA_NORMAL/Im0344_ORIGA.jpg,0
Im0392_ORIGA.jpg,normal,ORIGA_NORMAL/Im0392_ORIGA.jpg,0
Im0038_ORIGA.jpg,normal,ORIGA_NORMAL/Im0038_ORIGA.jpg,0
Im0108_ORIGA.jpg,normal,ORIGA_NORMAL/Im0108_ORIGA.jpg,0
Im0399_ORIGA.jpg,normal,ORIGA_NORMAL/Im0399_ORIGA.jpg,0
Im0122_ORIGA.jpg,normal,ORIGA_NORMAL/Im0122_ORIGA.jpg,0
Im0372_ORIGA.jpg,normal,ORIGA_NORMAL/Im0372_ORIGA.jpg,0
Im0204_ORIGA.jpg,normal,ORIGA_NORMAL/Im0204_ORIGA.jpg,0
Im0285_ORIGA.jpg,normal,ORIGA_NORMAL/Im0285_ORIGA.jpg,0
Im0118_ORIGA.jpg,normal,ORIGA_NORMAL/Im0118_ORIGA.jpg,0
Im0482_ORIGA.jpg,normal,ORIGA_NORMAL/Im0482_ORIGA.jpg,0
Im0106_ORIGA.jpg,normal,ORIGA_NORMAL/Im0106_ORIGA.jpg,0
Im0415_ORIGA.jpg,normal,ORIGA_NORMAL/Im0415_ORIGA.jpg,0
Im0170_ORIGA.jpg,normal,ORIGA_NORMAL/Im0170_ORIGA.jpg,0
Im0226_ORIGA.jpg,normal,ORIGA_NORMAL/Im0226_ORIGA.jpg,0
Im0469_ORIGA.jpg,normal,ORIGA_NORMAL/Im0469_ORIGA.jpg,0
Im0331_ORIGA.jpg,normal,ORIGA_NORMAL/Im0331_ORIGA.jpg,0
Im0099_ORIGA.jpg,normal,ORIGA_NORMAL/Im0099_ORIGA.jpg,0
Im0476_ORIGA.jpg,normal,ORIGA_NORMAL/Im0476_ORIGA.jpg,0
Im0408_ORIGA.jpg,normal,ORIGA_NORMAL/Im0408_ORIGA.jpg,0
Im0126_ORIGA.jpg,normal,ORIGA_NORMAL/Im0126_ORIGA.jpg,0
Im0039_ORIGA.jpg,normal,ORIGA_NORMAL/Im0039_ORIGA.jpg,0
Im0275_ORIGA.jpg,normal,ORIGA_NORMAL/Im0275_ORIGA.jpg,0
Im0305_ORIGA.jpg,normal,ORIGA_NORMAL/Im0305_ORIGA.jpg,0
Im0061_ORIGA.jpg,normal,ORIGA_NORMAL/Im0061_ORIGA.jpg,0
Im0456_ORIGA.jpg,normal,ORIGA_NORMAL/Im0456_ORIGA.jpg,0
Im0167_ORIGA.jpg,normal,ORIGA_NORMAL/Im0167_ORIGA.jpg,0
Im0131_ORIGA.jpg,normal,ORIGA_NORMAL/Im0131_ORIGA.jpg,0
Im0360_ORIGA.jpg,normal,ORIGA_NORMAL/Im0360_ORIGA.jpg,0
Im0184_ORIGA.jpg,normal,ORIGA_NORMAL/Im0184_ORIGA.jpg,0
Im0162_ORIGA.jpg,normal,ORIGA_NORMAL/Im0162_ORIGA.jpg,0
Im0402_ORIGA.jpg,normal,ORIGA_NORMAL/Im0402_ORIGA.jpg,0
Im0326_ORIGA.jpg,normal,ORIGA_NORMAL/Im0326_ORIGA.jpg,0
Im0153_ORIGA.jpg,normal,ORIGA_NORMAL/Im0153_ORIGA.jpg,0
Im0229_ORIGA.jpg,normal,ORIGA_NORMAL/Im0229_ORIGA.jpg,0
Im0060_ORIGA.jpg,normal,ORIGA_NORMAL/Im0060_ORIGA.jpg,0
Im0111_ORIGA.jpg,normal,ORIGA_NORMAL/Im0111_ORIGA.jpg,0
Im0185_ORIGA.jpg,normal,ORIGA_NORMAL/Im0185_ORIGA.jpg,0
Im0367_ORIGA.jpg,normal,ORIGA_NORMAL/Im0367_ORIGA.jpg,0
Im0049_ORIGA.jpg,normal,ORIGA_NORMAL/Im0049_ORIGA.jpg,0
Im0260_ORIGA.jpg,normal,ORIGA_NORMAL/Im0260_ORIGA.jpg,0
Im0129_ORIGA.jpg,normal,ORIGA_NORMAL/Im0129_ORIGA.jpg,0
Im0398_ORIGA.jpg,normal,ORIGA_NORMAL/Im0398_ORIGA.jpg,0
Im0308_ORIGA.jpg,normal,ORIGA_NORMAL/Im0308_ORIGA.jpg,0
Im0230_ORIGA.jpg,normal,ORIGA_NORMAL/Im0230_ORIGA.jpg,0
Im0018_ORIGA.jpg,normal,ORIGA_NORMAL/Im0018_ORIGA.jpg,0
Im0429_ORIGA.jpg,normal,ORIGA_NORMAL/Im0429_ORIGA.jpg,0
Im0368_ORIGA.jpg,normal,ORIGA_NORMAL/Im0368_ORIGA.jpg,0
Im0458_ORIGA.jpg,normal,ORIGA_NORMAL/Im0458_ORIGA.jpg,0
Im0174_ORIGA.jpg,normal,ORIGA_NORMAL/Im0174_ORIGA.jpg,0
Im0426_ORIGA.jpg,normal,ORIGA_NORMAL/Im0426_ORIGA.jpg,0
Im0463_ORIGA.jpg,normal,ORIGA_NORMAL/Im0463_ORIGA.jpg,0
Im0395_ORIGA.jpg,normal,ORIGA_NORMAL/Im0395_ORIGA.jpg,0
Im0234_ORIGA.jpg,normal,ORIGA_NORMAL/Im0234_ORIGA.jpg,0
Im0441_ORIGA.jpg,normal,ORIGA_NORMAL/Im0441_ORIGA.jpg,0
Im0085_ORIGA.jpg,normal,ORIGA_NORMAL/Im0085_ORIGA.jpg,0
Im0332_ORIGA.jpg,normal,ORIGA_NORMAL/Im0332_ORIGA.jpg,0
Im0169_ORIGA.jpg,normal,ORIGA_NORMAL/Im0169_ORIGA.jpg,0
Im0327_ORIGA.jpg,normal,ORIGA_NORMAL/Im0327_ORIGA.jpg,0
Im0242_ORIGA.jpg,normal,ORIGA_NORMAL/Im0242_ORIGA.jpg,0
Im0114_ORIGA.jpg,normal,ORIGA_NORMAL/Im0114_ORIGA.jpg,0
Im0027_ORIGA.jpg,normal,ORIGA_NORMAL/Im0027_ORIGA.jpg,0
Im0449_ORIGA.jpg,normal,ORIGA_NORMAL/Im0449_ORIGA.jpg,0
Im0017_ORIGA.jpg,normal,ORIGA_NORMAL/Im0017_ORIGA.jpg,0
Im0430_ORIGA.jpg,normal,ORIGA_NORMAL/Im0430_ORIGA.jpg,0
Im0244_ORIGA.jpg,normal,ORIGA_NORMAL/Im0244_ORIGA.jpg,0
Im0145_ORIGA.jpg,normal,ORIGA_NORMAL/Im0145_ORIGA.jpg,0
Im0179_ORIGA.jpg,normal,ORIGA_NORMAL/Im0179_ORIGA.jpg,0
Im0269_ORIGA.jpg,normal,ORIGA_NORMAL/Im0269_ORIGA.jpg,0
Im0136_ORIGA.jpg,normal,ORIGA_NORMAL/Im0136_ORIGA.jpg,0
Im0040_ORIGA.jpg,normal,ORIGA_NORMAL/Im0040_ORIGA.jpg,0
Im0248_ORIGA.jpg,normal,ORIGA_NORMAL/Im0248_ORIGA.jpg,0
Im0451_ORIGA.jpg,normal,ORIGA_NORMAL/Im0451_ORIGA.jpg,0
Im0472_ORIGA.jpg,normal,ORIGA_NORMAL/Im0472_ORIGA.jpg,0
Im0468_ORIGA.jpg,normal,ORIGA_NORMAL/Im0468_ORIGA.jpg,0
Im0121_ORIGA.jpg,normal,ORIGA_NORMAL/Im0121_ORIGA.jpg,0
Im0007_ORIGA.jpg,normal,ORIGA_NORMAL/Im0007_ORIGA.jpg,0
Im0206_ORIGA.jpg,normal,ORIGA_NORMAL/Im0206_ORIGA.jpg,0
Im0390_ORIGA.jpg,normal,ORIGA_NORMAL/Im0390_ORIGA.jpg,0
Im0436_ORIGA.jpg,normal,ORIGA_NORMAL/Im0436_ORIGA.jpg,0
Im0413_ORIGA.jpg,normal,ORIGA_NORMAL/Im0413_ORIGA.jpg,0
Im0200_ORIGA.jpg,normal,ORIGA_NORMAL/Im0200_ORIGA.jpg,0
Im0119_ORIGA.jpg,normal,ORIGA_NORMAL/Im0119_ORIGA.jpg,0
Im0081_ORIGA.jpg,normal,ORIGA_NORMAL/Im0081_ORIGA.jpg,0
Im0100_ORIGA.jpg,normal,ORIGA_NORMAL/Im0100_ORIGA.jpg,0
Im0142_ORIGA.jpg,normal,ORIGA_NORMAL/Im0142_ORIGA.jpg,0
Im0222_ORIGA.jpg,normal,ORIGA_NORMAL/Im0222_ORIGA.jpg,0
Im0076_ORIGA.jpg,normal,ORIGA_NORMAL/Im0076_ORIGA.jpg,0
Im0175_ORIGA.jpg,normal,ORIGA_NORMAL/Im0175_ORIGA.jpg,0
Im0412_ORIGA.jpg,normal,ORIGA_NORMAL/Im0412_ORIGA.jpg,0
Im0263_ORIGA.jpg,normal,ORIGA_NORMAL/Im0263_ORIGA.jpg,0
Im0048_ORIGA.jpg,normal,ORIGA_NORMAL/Im0048_ORIGA.jpg,0
Im0214_ORIGA.jpg,normal,ORIGA_NORMAL/Im0214_ORIGA.jpg,0
Im0434_ORIGA.jpg,normal,ORIGA_NORMAL/Im0434_ORIGA.jpg,0
Im0247_ORIGA.jpg,normal,ORIGA_NORMAL/Im0247_ORIGA.jpg,0
Im0432_ORIGA.jpg,normal,ORIGA_NORMAL/Im0432_ORIGA.jpg,0
Im0208_ORIGA.jpg,normal,ORIGA_NORMAL/Im0208_ORIGA.jpg,0
Im0358_ORIGA.jpg,normal,ORIGA_NORMAL/Im0358_ORIGA.jpg,0
Im0351_ORIGA.jpg,normal,ORIGA_NORMAL/Im0351_ORIGA.jpg,0
Im0348_ORIGA.jpg,normal,ORIGA_NORMAL/Im0348_ORIGA.jpg,0
Im0207_ORIGA.jpg,normal,ORIGA_NORMAL/Im0207_ORIGA.jpg,0
Im0437_ORIGA.jpg,normal,ORIGA_NORMAL/Im0437_ORIGA.jpg,0
Im0318_ORIGA.jpg,normal,ORIGA_NORMAL/Im0318_ORIGA.jpg,0
Im0265_ORIGA.jpg,normal,ORIGA_NORMAL/Im0265_ORIGA.jpg,0
Im0089_ORIGA.jpg,normal,ORIGA_NORMAL/Im0089_ORIGA.jpg,0
Im0043_ORIGA.jpg,normal,ORIGA_NORMAL/Im0043_ORIGA.jpg,0
Im0183_ORIGA.jpg,normal,ORIGA_NORMAL/Im0183_ORIGA.jpg,0
Im0026_ORIGA.jpg,normal,ORIGA_NORMAL/Im0026_ORIGA.jpg,0
Im0359_ORIGA.jpg,normal,ORIGA_NORMAL/Im0359_ORIGA.jpg,0
Im0098_ORIGA.jpg,normal,ORIGA_NORMAL/Im0098_ORIGA.jpg,0
Im0444_ORIGA.jpg,normal,ORIGA_NORMAL/Im0444_ORIGA.jpg,0
Im0387_ORIGA.jpg,normal,ORIGA_NORMAL/Im0387_ORIGA.jpg,0
Im0307_ORIGA.jpg,normal,ORIGA_NORMAL/Im0307_ORIGA.jpg,0
Im0272_ORIGA.jpg,normal,ORIGA_NORMAL/Im0272_ORIGA.jpg,0
Im0420_ORIGA.jpg,normal,ORIGA_NORMAL/Im0420_ORIGA.jpg,0
Im0425_ORIGA.jpg,normal,ORIGA_NORMAL/Im0425_ORIGA.jpg,0
Im0416_ORIGA.jpg,normal,ORIGA_NORMAL/Im0416_ORIGA.jpg,0
Im0293_ORIGA.jpg,normal,ORIGA_NORMAL/Im0293_ORIGA.jpg,0
Im0016_ORIGA.jpg,normal,ORIGA_NORMAL/Im0016_ORIGA.jpg,0
Im0052_ORIGA.jpg,normal,ORIGA_NORMAL/Im0052_ORIGA.jpg,0
Im0338_ORIGA.jpg,normal,ORIGA_NORMAL/Im0338_ORIGA.jpg,0
Im0014_ORIGA.jpg,normal,ORIGA_NORMAL/Im0014_ORIGA.jpg,0
Im0216_ORIGA.jpg,normal,ORIGA_NORMAL/Im0216_ORIGA.jpg,0
Im0279_ORIGA.jpg,normal,ORIGA_NORMAL/Im0279_ORIGA.jpg,0
Im0034_ORIGA.jpg,normal,ORIGA_NORMAL/Im0034_ORIGA.jpg,0
Im0284_ORIGA.jpg,normal,ORIGA_NORMAL/Im0284_ORIGA.jpg,0
Im0322_ORIGA.jpg,normal,ORIGA_NORMAL/Im0322_ORIGA.jpg,0
Im0074_ORIGA.jpg,normal,ORIGA_NORMAL/Im0074_ORIGA.jpg,0
Im0475_ORIGA.jpg,normal,ORIGA_NORMAL/Im0475_ORIGA.jpg,0
Im0044_ORIGA.jpg,normal,ORIGA_NORMAL/Im0044_ORIGA.jpg,0
Im0088_ORIGA.jpg,normal,ORIGA_NORMAL/Im0088_ORIGA.jpg,0
Im0254_ORIGA.jpg,normal,ORIGA_NORMAL/Im0254_ORIGA.jpg,0
Im0278_ORIGA.jpg,normal,ORIGA_NORMAL/Im0278_ORIGA.jpg,0
Im0314_ORIGA.jpg,normal,ORIGA_NORMAL/Im0314_ORIGA.jpg,0
Im0334_ORIGA.jpg,normal,ORIGA_NORMAL/Im0334_ORIGA.jpg,0
Im0324_ORIGA.jpg,normal,ORIGA_NORMAL/Im0324_ORIGA.jpg,0
Im0209_ORIGA.jpg,normal,ORIGA_NORMAL/Im0209_ORIGA.jpg,0
Im0223_ORIGA.jpg,normal,ORIGA_NORMAL/Im0223_ORIGA.jpg,0
Im0397_ORIGA.jpg,normal,ORIGA_NORMAL/Im0397_ORIGA.jpg,0
Im0146_ORIGA.jpg,normal,ORIGA_NORMAL/Im0146_ORIGA.jpg,0
Im0012_ORIGA.jpg,normal,ORIGA_NORMAL/Im0012_ORIGA.jpg,0
Im0311_ORIGA.jpg,normal,ORIGA_NORMAL/Im0311_ORIGA.jpg,0
Im0353_ORIGA.jpg,normal,ORIGA_NORMAL/Im0353_ORIGA.jpg,0
Im0232_ORIGA.jpg,normal,ORIGA_NORMAL/Im0232_ORIGA.jpg,0
Im0321_ORIGA.jpg,normal,ORIGA_NORMAL/Im0321_ORIGA.jpg,0
Im0474_ORIGA.jpg,normal,ORIGA_NORMAL/Im0474_ORIGA.jpg,0
Im0470_ORIGA.jpg,normal,ORIGA_NORMAL/Im0470_ORIGA.jpg,0
Im0015_ORIGA.jpg,normal,ORIGA_NORMAL/Im0015_ORIGA.jpg,0
Im0382_ORIGA.jpg,normal,ORIGA_NORMAL/Im0382_ORIGA.jpg,0
Im0063_ORIGA.jpg,normal,ORIGA_NORMAL/Im0063_ORIGA.jpg,0
Im0480_ORIGA.jpg,normal,ORIGA_NORMAL/Im0480_ORIGA.jpg,0
Im0086_ORIGA.jpg,normal,ORIGA_NORMAL/Im0086_ORIGA.jpg,0
Im0050_ORIGA.jpg,normal,ORIGA_NORMAL/Im0050_ORIGA.jpg,0
Im0286_ORIGA.jpg,normal,ORIGA_NORMAL/Im0286_ORIGA.jpg,0
Im0295_ORIGA.jpg,normal,ORIGA_NORMAL/Im0295_ORIGA.jpg,0
Im0202_ORIGA.jpg,normal,ORIGA_NORMAL/Im0202_ORIGA.jpg,0
Im0352_ORIGA.jpg,normal,ORIGA_NORMAL/Im0352_ORIGA.jpg,0
Im0237_ORIGA.jpg,normal,ORIGA_NORMAL/Im0237_ORIGA.jpg,0
Im0310_ORIGA.jpg,normal,ORIGA_NORMAL/Im0310_ORIGA.jpg,0
Im0290_ORIGA.jpg,normal,ORIGA_NORMAL/Im0290_ORIGA.jpg,0
Im0003_ORIGA.jpg,normal,ORIGA_NORMAL/Im0003_ORIGA.jpg,0
Im0231_ORIGA.jpg,normal,ORIGA_NORMAL/Im0231_ORIGA.jpg,0
Im0135_ORIGA.jpg,normal,ORIGA_NORMAL/Im0135_ORIGA.jpg,0
Im0325_ORIGA.jpg,normal,ORIGA_NORMAL/Im0325_ORIGA.jpg,0
Im0140_ORIGA.jpg,normal,ORIGA_NORMAL/Im0140_ORIGA.jpg,0
Im0041_ORIGA.jpg,normal,ORIGA_NORMAL/Im0041_ORIGA.jpg,0
Im0366_ORIGA.jpg,normal,ORIGA_NORMAL/Im0366_ORIGA.jpg,0
Im0188_ORIGA.jpg,normal,ORIGA_NORMAL/Im0188_ORIGA.jpg,0
Im0347_ORIGA.jpg,normal,ORIGA_NORMAL/Im0347_ORIGA.jpg,0
Im0105_ORIGA.jpg,normal,ORIGA_NORMAL/Im0105_ORIGA.jpg,0
Im0481_ORIGA.jpg,normal,ORIGA_NORMAL/Im0481_ORIGA.jpg,0
Im0117_ORIGA.jpg,normal,ORIGA_NORMAL/Im0117_ORIGA.jpg,0
Im0323_ORIGA.jpg,normal,ORIGA_NORMAL/Im0323_ORIGA.jpg,0
Im0363_ORIGA.jpg,normal,ORIGA_NORMAL/Im0363_ORIGA.jpg,0
Im0059_ORIGA.jpg,normal,ORIGA_NORMAL/Im0059_ORIGA.jpg,0
Im0386_ORIGA.jpg,normal,ORIGA_NORMAL/Im0386_ORIGA.jpg,0
Im0195_ORIGA.jpg,normal,ORIGA_NORMAL/Im0195_ORIGA.jpg,0
Im0071_ORIGA.jpg,normal,ORIGA_NORMAL/Im0071_ORIGA.jpg,0
Im0235_ORIGA.jpg,normal,ORIGA_NORMAL/Im0235_ORIGA.jpg,0
Im0421_ORIGA.jpg,normal,ORIGA_NORMAL/Im0421_ORIGA.jpg,0
Im0273_ORIGA.jpg,normal,ORIGA_NORMAL/Im0273_ORIGA.jpg,0
Im0022_ORIGA.jpg,normal,ORIGA_NORMAL/Im0022_ORIGA.jpg,0
Im0339_ORIGA.jpg,normal,ORIGA_NORMAL/Im0339_ORIGA.jpg,0
Im0160_ORIGA.jpg,normal,ORIGA_NORMAL/Im0160_ORIGA.jpg,0
Im0134_ORIGA.jpg,normal,ORIGA_NORMAL/Im0134_ORIGA.jpg,0
Im0385_ORIGA.jpg,normal,ORIGA_NORMAL/Im0385_ORIGA.jpg,0
Im0180_ORIGA.jpg,normal,ORIGA_NORMAL/Im0180_ORIGA.jpg,0
Im0375_ORIGA.jpg,normal,ORIGA_NORMAL/Im0375_ORIGA.jpg,0
Im0213_ORIGA.jpg,normal,ORIGA_NORMAL/Im0213_ORIGA.jpg,0
Im0045_ORIGA.jpg,normal,ORIGA_NORMAL/Im0045_ORIGA.jpg,0
Im0080_ORIGA.jpg,normal,ORIGA_NORMAL/Im0080_ORIGA.jpg,0
Im0256_ORIGA.jpg,normal,ORIGA_NORMAL/Im0256_ORIGA.jpg,0
Im0243_ORIGA.jpg,normal,ORIGA_NORMAL/Im0243_ORIGA.jpg,0
Im0218_ORIGA.jpg,normal,ORIGA_NORMAL/Im0218_ORIGA.jpg,0
Im0240_ORIGA.jpg,normal,ORIGA_NORMAL/Im0240_ORIGA.jpg,0
Im0270_ORIGA.jpg,normal,ORIGA_NORMAL/Im0270_ORIGA.jpg,0
Im0466_ORIGA.jpg,normal,ORIGA_NORMAL/Im0466_ORIGA.jpg,0
Im0189_ORIGA.jpg,normal,ORIGA_NORMAL/Im0189_ORIGA.jpg,0
Im0032_ORIGA.jpg,normal,ORIGA_NORMAL/Im0032_ORIGA.jpg,0
Im0477_ORIGA.jpg,normal,ORIGA_NORMAL/Im0477_ORIGA.jpg,0
Im0258_ORIGA.jpg,normal,ORIGA_NORMAL/Im0258_ORIGA.jpg,0
Im0320_ORIGA.jpg,normal,ORIGA_NORMAL/Im0320_ORIGA.jpg,0
Im0317_ORIGA.jpg,normal,ORIGA_NORMAL/Im0317_ORIGA.jpg,0
Im0396_ORIGA.jpg,normal,ORIGA_NORMAL/Im0396_ORIGA.jpg,0
Im0125_ORIGA.jpg,normal,ORIGA_NORMAL/Im0125_ORIGA.jpg,0
Im0091_ORIGA.jpg,normal,ORIGA_NORMAL/Im0091_ORIGA.jpg,0
Im0093_ORIGA.jpg,normal,ORIGA_NORMAL/Im0093_ORIGA.jpg,0
Im0215_ORIGA.jpg,normal,ORIGA_NORMAL/Im0215_ORIGA.jpg,0
Im0313_ORIGA.jpg,normal,ORIGA_NORMAL/Im0313_ORIGA.jpg,0
Im0173_ORIGA.jpg,normal,ORIGA_NORMAL/Im0173_ORIGA.jpg,0
Im0422_ORIGA.jpg,normal,ORIGA_NORMAL/Im0422_ORIGA.jpg,0
Im0479_ORIGA.jpg,normal,ORIGA_NORMAL/Im0479_ORIGA.jpg,0
Im0461_ORIGA.jpg,normal,ORIGA_NORMAL/Im0461_ORIGA.jpg,0
Im0025_ORIGA.jpg,normal,ORIGA_NORMAL/Im0025_ORIGA.jpg,0
Im0035_ORIGA.jpg,normal,ORIGA_NORMAL/Im0035_ORIGA.jpg,0
Im0013_ORIGA.jpg,normal,ORIGA_NORMAL/Im0013_ORIGA.jpg,0
Im0252_ORIGA.jpg,normal,ORIGA_NORMAL/Im0252_ORIGA.jpg,0
Im0405_ORIGA.jpg,normal,ORIGA_NORMAL/Im0405_ORIGA.jpg,0
Im0371_ORIGA.jpg,normal,ORIGA_NORMAL/Im0371_ORIGA.jpg,0
Im0104_ORIGA.jpg,normal,ORIGA_NORMAL/Im0104_ORIGA.jpg,0
Im0246_ORIGA.jpg,normal,ORIGA_NORMAL/Im0246_ORIGA.jpg,0
Im0053_ORIGA.jpg,normal,ORIGA_NORMAL/Im0053_ORIGA.jpg,0
Im0350_ORIGA.jpg,normal,ORIGA_NORMAL/Im0350_ORIGA.jpg,0
Im0433_ORIGA.jpg,normal,ORIGA_NORMAL/Im0433_ORIGA.jpg,0
Im0227_ORIGA.jpg,normal,ORIGA_NORMAL/Im0227_ORIGA.jpg,0
Im0406_ORIGA.jpg,normal,ORIGA_NORMAL/Im0406_ORIGA.jpg,0
Im0378_ORIGA.jpg,normal,ORIGA_NORMAL/Im0378_ORIGA.jpg,0
Im0191_ORIGA.jpg,normal,ORIGA_NORMAL/Im0191_ORIGA.jpg,0
Im0297_ORIGA.jpg,normal,ORIGA_NORMAL/Im0297_ORIGA.jpg,0
Im0454_ORIGA.jpg,normal,ORIGA_NORMAL/Im0454_ORIGA.jpg,0
Im0333_ORIGA.jpg,normal,ORIGA_NORMAL/Im0333_ORIGA.jpg,0
Im0031_ORIGA.jpg,normal,ORIGA_NORMAL/Im0031_ORIGA.jpg,0
Im0380_ORIGA.jpg,normal,ORIGA_NORMAL/Im0380_ORIGA.jpg,0
Im0097_ORIGA.jpg,normal,ORIGA_NORMAL/Im0097_ORIGA.jpg,0
Im0004_ORIGA.jpg,normal,ORIGA_NORMAL/Im0004_ORIGA.jpg,0
Im0309_ORIGA.jpg,normal,ORIGA_NORMAL/Im0309_ORIGA.jpg,0
Im0072_ORIGA.jpg,normal,ORIGA_NORMAL/Im0072_ORIGA.jpg,0
Im0190_ORIGA.jpg,normal,ORIGA_NORMAL/Im0190_ORIGA.jpg,0
Im0079_ORIGA.jpg,normal,ORIGA_NORMAL/Im0079_ORIGA.jpg,0
Im0370_ORIGA.jpg,normal,ORIGA_NORMAL/Im0370_ORIGA.jpg,0
Im0036_ORIGA.jpg,normal,ORIGA_NORMAL/Im0036_ORIGA.jpg,0
Im0362_ORIGA.jpg,normal,ORIGA_NORMAL/Im0362_ORIGA.jpg,0
Im0294_ORIGA.jpg,normal,ORIGA_NORMAL/Im0294_ORIGA.jpg,0
Im0384_ORIGA.jpg,normal,ORIGA_NORMAL/Im0384_ORIGA.jpg,0
Im0054_ORIGA.jpg,normal,ORIGA_NORMAL/Im0054_ORIGA.jpg,0
Im0051_ORIGA.jpg,normal,ORIGA_NORMAL/Im0051_ORIGA.jpg,0
Im0401_ORIGA.jpg,normal,ORIGA_NORMAL/Im0401_ORIGA.jpg,0
Im0329_ORIGA.jpg,normal,ORIGA_NORMAL/Im0329_ORIGA.jpg,0
Im0383_ORIGA.jpg,normal,ORIGA_NORMAL/Im0383_ORIGA.jpg,0
Im0168_ORIGA.jpg,normal,ORIGA_NORMAL/Im0168_ORIGA.jpg,0
Im0187_ORIGA.jpg,normal,ORIGA_NORMAL/Im0187_ORIGA.jpg,0
Im0268_ORIGA.jpg,normal,ORIGA_NORMAL/Im0268_ORIGA.jpg,0
Im0349_ORIGA.jpg,normal,ORIGA_NORMAL/Im0349_ORIGA.jpg,0
Im0002_ORIGA.jpg,normal,ORIGA_NORMAL/Im0002_ORIGA.jpg,0
Im0447_ORIGA.jpg,normal,ORIGA_NORMAL/Im0447_ORIGA.jpg,0
Im0068_ORIGA.jpg,normal,ORIGA_NORMAL/Im0068_ORIGA.jpg,0
Im0262_ORIGA.jpg,normal,ORIGA_NORMAL/Im0262_ORIGA.jpg,0
Im0028_ORIGA.jpg,normal,ORIGA_NORMAL/Im0028_ORIGA.jpg,0
Im0210_ORIGA.jpg,normal,ORIGA_NORMAL/Im0210_ORIGA.jpg,0
Im0067_ORIGA.jpg,normal,ORIGA_NORMAL/Im0067_ORIGA.jpg,0
Im0346_ORIGA.jpg,normal,ORIGA_NORMAL/Im0346_ORIGA.jpg,0
Im0453_ORIGA.jpg,normal,ORIGA_NORMAL/Im0453_ORIGA.jpg,0
Im0069_ORIGA.jpg,normal,ORIGA_NORMAL/Im0069_ORIGA.jpg,0
Im0443_ORIGA.jpg,normal,ORIGA_NORMAL/Im0443_ORIGA.jpg,0
Im0103_ORIGA.jpg,normal,ORIGA_NORMAL/Im0103_ORIGA.jpg,0
Im0228_ORIGA.jpg,normal,ORIGA_NORMAL/Im0228_ORIGA.jpg,0
Im0010_ORIGA.jpg,normal,ORIGA_NORMAL/Im0010_ORIGA.jpg,0
Im0151_ORIGA.jpg,normal,ORIGA_NORMAL/Im0151_ORIGA.jpg,0
Im0473_ORIGA.jpg,normal,ORIGA_NORMAL/Im0473_ORIGA.jpg,0
Im0155_ORIGA.jpg,normal,ORIGA_NORMAL/Im0155_ORIGA.jpg,0
Im0158_ORIGA.jpg,normal,ORIGA_NORMAL/Im0158_ORIGA.jpg,0
Im0186_ORIGA.jpg,normal,ORIGA_NORMAL/Im0186_ORIGA.jpg,0
Im0157_ORIGA.jpg,normal,ORIGA_NORMAL/Im0157_ORIGA.jpg,0
Im0116_ORIGA.jpg,normal,ORIGA_NORMAL/Im0116_ORIGA.jpg,0
Im0221_ORIGA.jpg,normal,ORIGA_NORMAL/Im0221_ORIGA.jpg,0
Im0289_ORIGA.jpg,normal,ORIGA_NORMAL/Im0289_ORIGA.jpg,0
Im0377_ORIGA.jpg,normal,ORIGA_NORMAL/Im0377_ORIGA.jpg,0
Im0388_ORIGA.jpg,normal,ORIGA_NORMAL/Im0388_ORIGA.jpg,0
Im0452_ORIGA.jpg,normal,ORIGA_NORMAL/Im0452_ORIGA.jpg,0
Im0301_ORIGA.jpg,normal,ORIGA_NORMAL/Im0301_ORIGA.jpg,0
Im0224_ORIGA.jpg,normal,ORIGA_NORMAL/Im0224_ORIGA.jpg,0
Im0299_ORIGA.jpg,normal,ORIGA_NORMAL/Im0299_ORIGA.jpg,0
Im0182_ORIGA.jpg,normal,ORIGA_NORMAL/Im0182_ORIGA.jpg,0
Im0238_ORIGA.jpg,normal,ORIGA_NORMAL/Im0238_ORIGA.jpg,0
Im0391_ORIGA.jpg,normal,ORIGA_NORMAL/Im0391_ORIGA.jpg,0
Im0062_ORIGA.jpg,normal,ORIGA_NORMAL/Im0062_ORIGA.jpg,0
Im0171_ORIGA.jpg,normal,ORIGA_NORMAL/Im0171_ORIGA.jpg,0
Im0066_ORIGA.jpg,normal,ORIGA_NORMAL/Im0066_ORIGA.jpg,0
Im0077_ORIGA.jpg,normal,ORIGA_NORMAL/Im0077_ORIGA.jpg,0
Im0065_ORIGA.jpg,normal,ORIGA_NORMAL/Im0065_ORIGA.jpg,0
Im0312_ORIGA.jpg,normal,ORIGA_NORMAL/Im0312_ORIGA.jpg,0
Im0253_ORIGA.jpg,normal,ORIGA_NORMAL/Im0253_ORIGA.jpg,0
Im0274_ORIGA.jpg,normal,ORIGA_NORMAL/Im0274_ORIGA.jpg,0
Im0445_ORIGA.jpg,normal,ORIGA_NORMAL/Im0445_ORIGA.jpg,0
Im0267_ORIGA.jpg,normal,ORIGA_NORMAL/Im0267_ORIGA.jpg,0
Im0328_ORIGA.jpg,normal,ORIGA_NORMAL/Im0328_ORIGA.jpg,0
Im0095_ORIGA.jpg,normal,ORIGA_NORMAL/Im0095_ORIGA.jpg,0
Im0057_ORIGA.jpg,normal,ORIGA_NORMAL/Im0057_ORIGA.jpg,0
Im0376_ORIGA.jpg,normal,ORIGA_NORMAL/Im0376_ORIGA.jpg,0
Im0087_ORIGA.jpg,normal,ORIGA_NORMAL/Im0087_ORIGA.jpg,0
Im0033_ORIGA.jpg,normal,ORIGA_NORMAL/Im0033_ORIGA.jpg,0
Im0058_ORIGA.jpg,normal,ORIGA_NORMAL/Im0058_ORIGA.jpg,0
Im0178_ORIGA.jpg,normal,ORIGA_NORMAL/Im0178_ORIGA.jpg,0
Im0094_ORIGA.jpg,normal,ORIGA_NORMAL/Im0094_ORIGA.jpg,0
Im0292_ORIGA.jpg,normal,ORIGA_NORMAL/Im0292_ORIGA.jpg,0
Im0354_ORIGA.jpg,normal,ORIGA_NORMAL/Im0354_ORIGA.jpg,0
Im0298_ORIGA.jpg,normal,ORIGA_NORMAL/Im0298_ORIGA.jpg,0
Im0303_ORIGA.jpg,normal,ORIGA_NORMAL/Im0303_ORIGA.jpg,0
Im0008_ORIGA.jpg,normal,ORIGA_NORMAL/Im0008_ORIGA.jpg,0
Im0194_ORIGA.jpg,normal,ORIGA_NORMAL/Im0194_ORIGA.jpg,0
Im0319_ORIGA.jpg,normal,ORIGA_NORMAL/Im0319_ORIGA.jpg,0
Im0335_ORIGA.jpg,normal,ORIGA_NORMAL/Im0335_ORIGA.jpg,0
Im0139_ORIGA.jpg,normal,ORIGA_NORMAL/Im0139_ORIGA.jpg,0
Im0113_ORIGA.jpg,normal,ORIGA_NORMAL/Im0113_ORIGA.jpg,0
Im0296_ORIGA.jpg,normal,ORIGA_NORMAL/Im0296_ORIGA.jpg,0
Im0302_ORIGA.jpg,normal,ORIGA_NORMAL/Im0302_ORIGA.jpg,0
Im0455_ORIGA.jpg,normal,ORIGA_NORMAL/Im0455_ORIGA.jpg,0
Im0404_ORIGA.jpg,normal,ORIGA_NORMAL/Im0404_ORIGA.jpg,0
Im0280_ORIGA.jpg,normal,ORIGA_NORMAL/Im0280_ORIGA.jpg,0
Im0147_ORIGA.jpg,normal,ORIGA_NORMAL/Im0147_ORIGA.jpg,0
Im0345_ORIGA.jpg,normal,ORIGA_NORMAL/Im0345_ORIGA.jpg,0
Im0193_ORIGA.jpg,normal,ORIGA_NORMAL/Im0193_ORIGA.jpg,0
Im0250_ORIGA.jpg,normal,ORIGA_NORMAL/Im0250_ORIGA.jpg,0
Im0149_ORIGA.jpg,normal,ORIGA_NORMAL/Im0149_ORIGA.jpg,0
Im0236_ORIGA.jpg,normal,ORIGA_NORMAL/Im0236_ORIGA.jpg,0
Im0361_ORIGA.jpg,normal,ORIGA_NORMAL/Im0361_ORIGA.jpg,0
Im0070_ORIGA.jpg,normal,ORIGA_NORMAL/Im0070_ORIGA.jpg,0
Im0400_ORIGA.jpg,normal,ORIGA_NORMAL/Im0400_ORIGA.jpg,0
Im0251_ORIGA.jpg,normal,ORIGA_NORMAL/Im0251_ORIGA.jpg,0
Im0197_ORIGA.jpg,normal,ORIGA_NORMAL/Im0197_ORIGA.jpg,0
Im0137_ORIGA.jpg,normal,ORIGA_NORMAL/Im0137_ORIGA.jpg,0
Im0123_ORIGA.jpg,normal,ORIGA_NORMAL/Im0123_ORIGA.jpg,0
Im0109_ORIGA.jpg,normal,ORIGA_NORMAL/Im0109_ORIGA.jpg,0
Im0410_ORIGA.jpg,normal,ORIGA_NORMAL/Im0410_ORIGA.jpg,0
Im0177_ORIGA.jpg,normal,ORIGA_NORMAL/Im0177_ORIGA.jpg,0
Im0315_ORIGA.jpg,normal,ORIGA_NORMAL/Im0315_ORIGA.jpg,0
Im0030_ORIGA.jpg,normal,ORIGA_NORMAL/Im0030_ORIGA.jpg,0
Im0163_ORIGA.jpg,normal,ORIGA_NORMAL/Im0163_ORIGA.jpg,0
Im0369_ORIGA.jpg,normal,ORIGA_NORMAL/Im0369_ORIGA.jpg,0
Im0046_ORIGA.jpg,normal,ORIGA_NORMAL/Im0046_ORIGA.jpg,0
Im0257_ORIGA.jpg,normal,ORIGA_NORMAL/Im0257_ORIGA.jpg,0
Im0442_ORIGA.jpg,normal,ORIGA_NORMAL/Im0442_ORIGA.jpg,0
Im0435_ORIGA.jpg,normal,ORIGA_NORMAL/Im0435_ORIGA.jpg,0
Im0133_ORIGA.jpg,normal,ORIGA_NORMAL/Im0133_ORIGA.jpg,0
Im0336_ORIGA.jpg,normal,ORIGA_NORMAL/Im0336_ORIGA.jpg,0
Im0090_ORIGA.jpg,normal,ORIGA_NORMAL/Im0090_ORIGA.jpg,0
Im0144_ORIGA.jpg,normal,ORIGA_NORMAL/Im0144_ORIGA.jpg,0
Im0282_ORIGA.jpg,normal,ORIGA_NORMAL/Im0282_ORIGA.jpg,0
Im0431_ORIGA.jpg,normal,ORIGA_NORMAL/Im0431_ORIGA.jpg,0
Im0037_ORIGA.jpg,normal,ORIGA_NORMAL/Im0037_ORIGA.jpg,0
Im0225_ORIGA.jpg,normal,ORIGA_NORMAL/Im0225_ORIGA.jpg,0
Im0364_ORIGA.jpg,normal,ORIGA_NORMAL/Im0364_ORIGA.jpg,0
Im0082_ORIGA.jpg,normal,ORIGA_NORMAL/Im0082_ORIGA.jpg,0
Im0403_ORIGA.jpg,normal,ORIGA_NORMAL/Im0403_ORIGA.jpg,0
Im0465_ORIGA.jpg,normal,ORIGA_NORMAL/Im0465_ORIGA.jpg,0
Im0107_ORIGA.jpg,normal,ORIGA_NORMAL/Im0107_ORIGA.jpg,0
Im0281_ORIGA.jpg,normal,ORIGA_NORMAL/Im0281_ORIGA.jpg,0
Im0464_ORIGA.jpg,normal,ORIGA_NORMAL/Im0464_ORIGA.jpg,0
Im0047_ORIGA.jpg,normal,ORIGA_NORMAL/Im0047_ORIGA.jpg,0
Im0192_ORIGA.jpg,normal,ORIGA_NORMAL/Im0192_ORIGA.jpg,0
Im0115_ORIGA.jpg,normal,ORIGA_NORMAL/Im0115_ORIGA.jpg,0
Im0428_ORIGA.jpg,normal,ORIGA_NORMAL/Im0428_ORIGA.jpg,0
Im0042_ORIGA.jpg,normal,ORIGA_NORMAL/Im0042_ORIGA.jpg,0
Im0083_ORIGA.jpg,normal,ORIGA_NORMAL/Im0083_ORIGA.jpg,0
Im0471_ORIGA.jpg,normal,ORIGA_NORMAL/Im0471_ORIGA.jpg,0
Im0128_ORIGA.jpg,normal,ORIGA_NORMAL/Im0128_ORIGA.jpg,0
Im0276_ORIGA.jpg,normal,ORIGA_NORMAL/Im0276_ORIGA.jpg,0
Im0249_ORIGA.jpg,normal,ORIGA_NORMAL/Im0249_ORIGA.jpg,0
09_h.jpg,normal,HRF_NORMAL/09_h.jpg,0
01_h.jpg,normal,HRF_NORMAL/01_h.jpg,0
08_h.jpg,normal,HRF_NORMAL/08_h.jpg,0
02_h.jpg,normal,HRF_NORMAL/02_h.jpg,0
10_h.jpg,normal,HRF_NORMAL/10_h.jpg,0
03_h.jpg,normal,HRF_NORMAL/03_h.jpg,0
07_h.jpg,normal,HRF_NORMAL/07_h.jpg,0
05_h.jpg,normal,HRF_NORMAL/05_h.jpg,0
11_h.jpg,normal,HRF_NORMAL/11_h.jpg,0
12_h.jpg,normal,HRF_NORMAL/12_h.jpg,0
14_h.jpg,normal,HRF_NORMAL/14_h.jpg,0
15_h.jpg,normal,HRF_NORMAL/15_h.jpg,0
04_h.jpg,normal,HRF_NORMAL/04_h.jpg,0
13_h.jpg,normal,HRF_NORMAL/13_h.jpg,0
NL_092.png,normal,kaggle_ds/1_normal/NL_092.png,0
NL_185.png,normal,kaggle_ds/1_normal/NL_185.png,0
NL_053.png,normal,kaggle_ds/1_normal/NL_053.png,0
NL_146.png,normal,kaggle_ds/1_normal/NL_146.png,0
NL_001.png,normal,kaggle_ds/1_normal/NL_001.png,0
NL_029.png,normal,kaggle_ds/1_normal/NL_029.png,0
NL_188.png,normal,kaggle_ds/1_normal/NL_188.png,0
NL_114.png,normal,kaggle_ds/1_normal/NL_114.png,0
NL_249.png,normal,kaggle_ds/1_normal/NL_249.png,0
NL_219.png,normal,kaggle_ds/1_normal/NL_219.png,0
NL_042.png,normal,kaggle_ds/1_normal/NL_042.png,0
NL_131.png,normal,kaggle_ds/1_normal/NL_131.png,0
NL_199.png,normal,kaggle_ds/1_normal/NL_199.png,0
NL_228.png,normal,kaggle_ds/1_normal/NL_228.png,0
NL_151.png,normal,kaggle_ds/1_normal/NL_151.png,0
NL_200.png,normal,kaggle_ds/1_normal/NL_200.png,0
NL_088.png,normal,kaggle_ds/1_normal/NL_088.png,0
NL_140.png,normal,kaggle_ds/1_normal/NL_140.png,0
NL_008.png,normal,kaggle_ds/1_normal/NL_008.png,0
NL_268.png,normal,kaggle_ds/1_normal/NL_268.png,0
NL_009.png,normal,kaggle_ds/1_normal/NL_009.png,0
NL_135.png,normal,kaggle_ds/1_normal/NL_135.png,0
NL_051.png,normal,kaggle_ds/1_normal/NL_051.png,0
NL_283.png,normal,kaggle_ds/1_normal/NL_283.png,0
NL_101.png,normal,kaggle_ds/1_normal/NL_101.png,0
NL_216.png,normal,kaggle_ds/1_normal/NL_216.png,0
NL_170.png,normal,kaggle_ds/1_normal/NL_170.png,0
NL_255.png,normal,kaggle_ds/1_normal/NL_255.png,0
NL_234.png,normal,kaggle_ds/1_normal/NL_234.png,0
NL_040.png,normal,kaggle_ds/1_normal/NL_040.png,0
NL_084.png,normal,kaggle_ds/1_normal/NL_084.png,0
NL_018.png,normal,kaggle_ds/1_normal/NL_018.png,0
NL_168.png,normal,kaggle_ds/1_normal/NL_168.png,0
NL_136.png,normal,kaggle_ds/1_normal/NL_136.png,0
NL_038.png,normal,kaggle_ds/1_normal/NL_038.png,0
NL_074.png,normal,kaggle_ds/1_normal/NL_074.png,0
NL_119.png,normal,kaggle_ds/1_normal/NL_119.png,0
NL_261.png,normal,kaggle_ds/1_normal/NL_261.png,0
NL_194.png,normal,kaggle_ds/1_normal/NL_194.png,0
NL_288.png,normal,kaggle_ds/1_normal/NL_288.png,0
NL_192.png,normal,kaggle_ds/1_normal/NL_192.png,0
NL_287.png,normal,kaggle_ds/1_normal/NL_287.png,0
NL_026.png,normal,kaggle_ds/1_normal/NL_026.png,0
NL_292.png,normal,kaggle_ds/1_normal/NL_292.png,0
NL_285.png,normal,kaggle_ds/1_normal/NL_285.png,0
NL_226.png,normal,kaggle_ds/1_normal/NL_226.png,0
NL_218.png,normal,kaggle_ds/1_normal/NL_218.png,0
NL_196.png,normal,kaggle_ds/1_normal/NL_196.png,0
NL_162.png,normal,kaggle_ds/1_normal/NL_162.png,0
NL_110.png,normal,kaggle_ds/1_normal/NL_110.png,0
NL_164.png,normal,kaggle_ds/1_normal/NL_164.png,0
NL_158.png,normal,kaggle_ds/1_normal/NL_158.png,0
NL_021.png,normal,kaggle_ds/1_normal/NL_021.png,0
NL_015.png,normal,kaggle_ds/1_normal/NL_015.png,0
NL_300.png,normal,kaggle_ds/1_normal/NL_300.png,0
NL_093.png,normal,kaggle_ds/1_normal/NL_093.png,0
NL_252.png,normal,kaggle_ds/1_normal/NL_252.png,0
NL_195.png,normal,kaggle_ds/1_normal/NL_195.png,0
NL_248.png,normal,kaggle_ds/1_normal/NL_248.png,0
NL_048.png,normal,kaggle_ds/1_normal/NL_048.png,0
NL_281.png,normal,kaggle_ds/1_normal/NL_281.png,0
NL_082.png,normal,kaggle_ds/1_normal/NL_082.png,0
NL_121.png,normal,kaggle_ds/1_normal/NL_121.png,0
NL_069.png,normal,kaggle_ds/1_normal/NL_069.png,0
NL_104.png,normal,kaggle_ds/1_normal/NL_104.png,0
NL_007.png,normal,kaggle_ds/1_normal/NL_007.png,0
NL_291.png,normal,kaggle_ds/1_normal/NL_291.png,0
NL_262.png,normal,kaggle_ds/1_normal/NL_262.png,0
NL_017.png,normal,kaggle_ds/1_normal/NL_017.png,0
NL_203.png,normal,kaggle_ds/1_normal/NL_203.png,0
NL_058.png,normal,kaggle_ds/1_normal/NL_058.png,0
NL_123.png,normal,kaggle_ds/1_normal/NL_123.png,0
NL_145.png,normal,kaggle_ds/1_normal/NL_145.png,0
NL_035.png,normal,kaggle_ds/1_normal/NL_035.png,0
NL_276.png,normal,kaggle_ds/1_normal/NL_276.png,0
NL_019.png,normal,kaggle_ds/1_normal/NL_019.png,0
NL_290.png,normal,kaggle_ds/1_normal/NL_290.png,0
NL_122.png,normal,kaggle_ds/1_normal/NL_122.png,0
NL_039.png,normal,kaggle_ds/1_normal/NL_039.png,0
NL_139.png,normal,kaggle_ds/1_normal/NL_139.png,0
NL_197.png,normal,kaggle_ds/1_normal/NL_197.png,0
NL_025.png,normal,kaggle_ds/1_normal/NL_025.png,0
NL_143.png,normal,kaggle_ds/1_normal/NL_143.png,0
NL_236.png,normal,kaggle_ds/1_normal/NL_236.png,0
NL_266.png,normal,kaggle_ds/1_normal/NL_266.png,0
NL_251.png,normal,kaggle_ds/1_normal/NL_251.png,0
NL_070.png,normal,kaggle_ds/1_normal/NL_070.png,0
NL_250.png,normal,kaggle_ds/1_normal/NL_250.png,0
NL_063.png,normal,kaggle_ds/1_normal/NL_063.png,0
NL_107.png,normal,kaggle_ds/1_normal/NL_107.png,0
NL_206.png,normal,kaggle_ds/1_normal/NL_206.png,0
NL_289.png,normal,kaggle_ds/1_normal/NL_289.png,0
NL_076.png,normal,kaggle_ds/1_normal/NL_076.png,0
NL_263.png,normal,kaggle_ds/1_normal/NL_263.png,0
NL_059.png,normal,kaggle_ds/1_normal/NL_059.png,0
NL_020.png,normal,kaggle_ds/1_normal/NL_020.png,0
NL_098.png,normal,kaggle_ds/1_normal/NL_098.png,0
NL_246.png,normal,kaggle_ds/1_normal/NL_246.png,0
NL_233.png,normal,kaggle_ds/1_normal/NL_233.png,0
NL_030.png,normal,kaggle_ds/1_normal/NL_030.png,0
NL_224.png,normal,kaggle_ds/1_normal/NL_224.png,0
NL_005.png,normal,kaggle_ds/1_normal/NL_005.png,0
NL_177.png,normal,kaggle_ds/1_normal/NL_177.png,0
NL_134.png,normal,kaggle_ds/1_normal/NL_134.png,0
NL_133.png,normal,kaggle_ds/1_normal/NL_133.png,0
NL_027.png,normal,kaggle_ds/1_normal/NL_027.png,0
NL_167.png,normal,kaggle_ds/1_normal/NL_167.png,0
NL_209.png,normal,kaggle_ds/1_normal/NL_209.png,0
NL_041.png,normal,kaggle_ds/1_normal/NL_041.png,0
NL_256.png,normal,kaggle_ds/1_normal/NL_256.png,0
NL_269.png,normal,kaggle_ds/1_normal/NL_269.png,0
NL_165.png,normal,kaggle_ds/1_normal/NL_165.png,0
NL_055.png,normal,kaggle_ds/1_normal/NL_055.png,0
NL_205.png,normal,kaggle_ds/1_normal/NL_205.png,0
NL_159.png,normal,kaggle_ds/1_normal/NL_159.png,0
NL_211.png,normal,kaggle_ds/1_normal/NL_211.png,0
NL_264.png,normal,kaggle_ds/1_normal/NL_264.png,0
NL_204.png,normal,kaggle_ds/1_normal/NL_204.png,0
NL_279.png,normal,kaggle_ds/1_normal/NL_279.png,0
NL_013.png,normal,kaggle_ds/1_normal/NL_013.png,0
NL_112.png,normal,kaggle_ds/1_normal/NL_112.png,0
NL_054.png,normal,kaggle_ds/1_normal/NL_054.png,0
NL_227.png,normal,kaggle_ds/1_normal/NL_227.png,0
NL_045.png,normal,kaggle_ds/1_normal/NL_045.png,0
NL_036.png,normal,kaggle_ds/1_normal/NL_036.png,0
NL_089.png,normal,kaggle_ds/1_normal/NL_089.png,0
NL_298.png,normal,kaggle_ds/1_normal/NL_298.png,0
NL_293.png,normal,kaggle_ds/1_normal/NL_293.png,0
NL_221.png,normal,kaggle_ds/1_normal/NL_221.png,0
NL_274.png,normal,kaggle_ds/1_normal/NL_274.png,0
NL_079.png,normal,kaggle_ds/1_normal/NL_079.png,0
NL_126.png,normal,kaggle_ds/1_normal/NL_126.png,0
NL_128.png,normal,kaggle_ds/1_normal/NL_128.png,0
NL_113.png,normal,kaggle_ds/1_normal/NL_113.png,0
NL_111.png,normal,kaggle_ds/1_normal/NL_111.png,0
NL_090.png,normal,kaggle_ds/1_normal/NL_090.png,0
NL_161.png,normal,kaggle_ds/1_normal/NL_161.png,0
NL_258.png,normal,kaggle_ds/1_normal/NL_258.png,0
NL_277.png,normal,kaggle_ds/1_normal/NL_277.png,0
NL_174.png,normal,kaggle_ds/1_normal/NL_174.png,0
NL_231.png,normal,kaggle_ds/1_normal/NL_231.png,0
NL_193.png,normal,kaggle_ds/1_normal/NL_193.png,0
NL_010.png,normal,kaggle_ds/1_normal/NL_010.png,0
NL_280.png,normal,kaggle_ds/1_normal/NL_280.png,0
NL_229.png,normal,kaggle_ds/1_normal/NL_229.png,0
NL_150.png,normal,kaggle_ds/1_normal/NL_150.png,0
NL_022.png,normal,kaggle_ds/1_normal/NL_022.png,0
NL_179.png,normal,kaggle_ds/1_normal/NL_179.png,0
NL_201.png,normal,kaggle_ds/1_normal/NL_201.png,0
NL_284.png,normal,kaggle_ds/1_normal/NL_284.png,0
NL_083.png,normal,kaggle_ds/1_normal/NL_083.png,0
NL_116.png,normal,kaggle_ds/1_normal/NL_116.png,0
NL_052.png,normal,kaggle_ds/1_normal/NL_052.png,0
NL_106.png,normal,kaggle_ds/1_normal/NL_106.png,0
NL_125.png,normal,kaggle_ds/1_normal/NL_125.png,0
NL_046.png,normal,kaggle_ds/1_normal/NL_046.png,0
NL_189.png,normal,kaggle_ds/1_normal/NL_189.png,0
NL_286.png,normal,kaggle_ds/1_normal/NL_286.png,0
NL_157.png,normal,kaggle_ds/1_normal/NL_157.png,0
NL_270.png,normal,kaggle_ds/1_normal/NL_270.png,0
NL_207.png,normal,kaggle_ds/1_normal/NL_207.png,0
NL_117.png,normal,kaggle_ds/1_normal/NL_117.png,0
NL_124.png,normal,kaggle_ds/1_normal/NL_124.png,0
NL_213.png,normal,kaggle_ds/1_normal/NL_213.png,0
NL_166.png,normal,kaggle_ds/1_normal/NL_166.png,0
NL_184.png,normal,kaggle_ds/1_normal/NL_184.png,0
NL_081.png,normal,kaggle_ds/1_normal/NL_081.png,0
NL_155.png,normal,kaggle_ds/1_normal/NL_155.png,0
NL_271.png,normal,kaggle_ds/1_normal/NL_271.png,0
NL_004.png,normal,kaggle_ds/1_normal/NL_004.png,0
NL_243.png,normal,kaggle_ds/1_normal/NL_243.png,0
NL_102.png,normal,kaggle_ds/1_normal/NL_102.png,0
NL_097.png,normal,kaggle_ds/1_normal/NL_097.png,0
NL_178.png,normal,kaggle_ds/1_normal/NL_178.png,0
NL_105.png,normal,kaggle_ds/1_normal/NL_105.png,0
NL_212.png,normal,kaggle_ds/1_normal/NL_212.png,0
NL_011.png,normal,kaggle_ds/1_normal/NL_011.png,0
NL_173.png,normal,kaggle_ds/1_normal/NL_173.png,0
NL_044.png,normal,kaggle_ds/1_normal/NL_044.png,0
NL_138.png,normal,kaggle_ds/1_normal/NL_138.png,0
NL_056.png,normal,kaggle_ds/1_normal/NL_056.png,0
NL_163.png,normal,kaggle_ds/1_normal/NL_163.png,0
NL_050.png,normal,kaggle_ds/1_normal/NL_050.png,0
NL_130.png,normal,kaggle_ds/1_normal/NL_130.png,0
NL_225.png,normal,kaggle_ds/1_normal/NL_225.png,0
NL_267.png,normal,kaggle_ds/1_normal/NL_267.png,0
NL_176.png,normal,kaggle_ds/1_normal/NL_176.png,0
NL_033.png,normal,kaggle_ds/1_normal/NL_033.png,0
NL_182.png,normal,kaggle_ds/1_normal/NL_182.png,0
NL_137.png,normal,kaggle_ds/1_normal/NL_137.png,0
NL_103.png,normal,kaggle_ds/1_normal/NL_103.png,0
NL_217.png,normal,kaggle_ds/1_normal/NL_217.png,0
NL_240.png,normal,kaggle_ds/1_normal/NL_240.png,0
NL_152.png,normal,kaggle_ds/1_normal/NL_152.png,0
NL_003.png,normal,kaggle_ds/1_normal/NL_003.png,0
NL_259.png,normal,kaggle_ds/1_normal/NL_259.png,0
NL_141.png,normal,kaggle_ds/1_normal/NL_141.png,0
NL_183.png,normal,kaggle_ds/1_normal/NL_183.png,0
NL_275.png,normal,kaggle_ds/1_normal/NL_275.png,0
NL_077.png,normal,kaggle_ds/1_normal/NL_077.png,0
NL_118.png,normal,kaggle_ds/1_normal/NL_118.png,0
NL_235.png,normal,kaggle_ds/1_normal/NL_235.png,0
NL_067.png,normal,kaggle_ds/1_normal/NL_067.png,0
NL_087.png,normal,kaggle_ds/1_normal/NL_087.png,0
NL_049.png,normal,kaggle_ds/1_normal/NL_049.png,0
NL_244.png,normal,kaggle_ds/1_normal/NL_244.png,0
NL_012.png,normal,kaggle_ds/1_normal/NL_012.png,0
NL_061.png,normal,kaggle_ds/1_normal/NL_061.png,0
NL_202.png,normal,kaggle_ds/1_normal/NL_202.png,0
NL_144.png,normal,kaggle_ds/1_normal/NL_144.png,0
NL_032.png,normal,kaggle_ds/1_normal/NL_032.png,0
NL_245.png,normal,kaggle_ds/1_normal/NL_245.png,0
NL_172.png,normal,kaggle_ds/1_normal/NL_172.png,0
NL_078.png,normal,kaggle_ds/1_normal/NL_078.png,0
NL_075.png,normal,kaggle_ds/1_normal/NL_075.png,0
NL_120.png,normal,kaggle_ds/1_normal/NL_120.png,0
NL_060.png,normal,kaggle_ds/1_normal/NL_060.png,0
NL_215.png,normal,kaggle_ds/1_normal/NL_215.png,0
NL_132.png,normal,kaggle_ds/1_normal/NL_132.png,0
NL_028.png,normal,kaggle_ds/1_normal/NL_028.png,0
NL_147.png,normal,kaggle_ds/1_normal/NL_147.png,0
NL_071.png,normal,kaggle_ds/1_normal/NL_071.png,0
NL_253.png,normal,kaggle_ds/1_normal/NL_253.png,0
NL_299.png,normal,kaggle_ds/1_normal/NL_299.png,0
NL_014.png,normal,kaggle_ds/1_normal/NL_014.png,0
NL_242.png,normal,kaggle_ds/1_normal/NL_242.png,0
NL_294.png,normal,kaggle_ds/1_normal/NL_294.png,0
NL_198.png,normal,kaggle_ds/1_normal/NL_198.png,0
NL_191.png,normal,kaggle_ds/1_normal/NL_191.png,0
NL_073.png,normal,kaggle_ds/1_normal/NL_073.png,0
NL_153.png,normal,kaggle_ds/1_normal/NL_153.png,0
NL_175.png,normal,kaggle_ds/1_normal/NL_175.png,0
NL_142.png,normal,kaggle_ds/1_normal/NL_142.png,0
NL_023.png,normal,kaggle_ds/1_normal/NL_023.png,0
NL_214.png,normal,kaggle_ds/1_normal/NL_214.png,0
NL_115.png,normal,kaggle_ds/1_normal/NL_115.png,0
NL_160.png,normal,kaggle_ds/1_normal/NL_160.png,0
NL_230.png,normal,kaggle_ds/1_normal/NL_230.png,0
NL_085.png,normal,kaggle_ds/1_normal/NL_085.png,0
NL_254.png,normal,kaggle_ds/1_normal/NL_254.png,0
NL_220.png,normal,kaggle_ds/1_normal/NL_220.png,0
NL_181.png,normal,kaggle_ds/1_normal/NL_181.png,0
NL_154.png,normal,kaggle_ds/1_normal/NL_154.png,0
NL_002.png,normal,kaggle_ds/1_normal/NL_002.png,0
NL_080.png,normal,kaggle_ds/1_normal/NL_080.png,0
NL_066.png,normal,kaggle_ds/1_normal/NL_066.png,0
drishtiGS_007.png,normal,Drishti/drishtiGS_007.png,0
drishtiGS_009.png,normal,Drishti/drishtiGS_009.png,0
drishtiGS_013.png,normal,Drishti/drishtiGS_013.png,0
drishtiGS_017.png,normal,Drishti/drishtiGS_017.png,0
drishtiGS_018.png,normal,Drishti/drishtiGS_018.png,0
drishtiGS_035.png,normal,Drishti/drishtiGS_035.png,0
drishtiGS_036.png,normal,Drishti/drishtiGS_036.png,0
drishtiGS_046.png,normal,Drishti/drishtiGS_046.png,0
drishtiGS_047.png,normal,Drishti/drishtiGS_047.png,0
drishtiGS_057.png,normal,Drishti/drishtiGS_057.png,0
drishtiGS_078.png,normal,Drishti/drishtiGS_078.png,0
drishtiGS_085.png,normal,Drishti/drishtiGS_085.png,0
drishtiGS_090.png,normal,Drishti/drishtiGS_090.png,0
drishtiGS_091.png,normal,Drishti/drishtiGS_091.png,0
drishtiGS_092.png,normal,Drishti/drishtiGS_092.png,0
drishtiGS_093.png,normal,Drishti/drishtiGS_093.png,0
drishtiGS_094.png,normal,Drishti/drishtiGS_094.png,0
drishtiGS_095.png,normal,Drishti/drishtiGS_095.png,0
drishtiGS_096.png,normal,Drishti/drishtiGS_096.png,0
drishtiGS_097.png,normal,Drishti/drishtiGS_097.png,0
drishtiGS_098.png,normal,Drishti/drishtiGS_098.png,0
drishtiGS_100.png,normal,Drishti/drishtiGS_100.png,0
Im024.bmp,normal,RIMONE_r1/Normal/Im024.bmp,0
Im089.bmp,normal,RIMONE_r1/Normal/Im089.bmp,0
Im143.bmp,normal,RIMONE_r1/Normal/Im143.bmp,0
Im066.bmp,normal,RIMONE_r1/Normal/Im066.bmp,0
Im159.bmp,normal,RIMONE_r1/Normal/Im159.bmp,0
Im077.bmp,normal,RIMONE_r1/Normal/Im077.bmp,0
Im161.bmp,normal,RIMONE_r1/Normal/Im161.bmp,0
Im041.bmp,normal,RIMONE_r1/Normal/Im041.bmp,0
Im012.bmp,normal,RIMONE_r1/Normal/Im012.bmp,0
Im080.bmp,normal,RIMONE_r1/Normal/Im080.bmp,0
Im095.bmp,normal,RIMONE_r1/Normal/Im095.bmp,0
Im127.bmp,normal,RIMONE_r1/Normal/Im127.bmp,0
Im104.bmp,normal,RIMONE_r1/Normal/Im104.bmp,0
Im119.bmp,normal,RIMONE_r1/Normal/Im119.bmp,0
Im115.bmp,normal,RIMONE_r1/Normal/Im115.bmp,0
Im058.bmp,normal,RIMONE_r1/Normal/Im058.bmp,0
Im154.bmp,normal,RIMONE_r1/Normal/Im154.bmp,0
Im078.bmp,normal,RIMONE_r1/Normal/Im078.bmp,0
Im062.bmp,normal,RIMONE_r1/Normal/Im062.bmp,0
Im100.bmp,normal,RIMONE_r1/Normal/Im100.bmp,0
Im090.bmp,normal,RIMONE_r1/Normal/Im090.bmp,0
Im022.bmp,normal,RIMONE_r1/Normal/Im022.bmp,0
Im142.bmp,normal,RIMONE_r1/Normal/Im142.bmp,0
Im116.bmp,normal,RIMONE_r1/Normal/Im116.bmp,0
Im054.bmp,normal,RIMONE_r1/Normal/Im054.bmp,0
Im019.bmp,normal,RIMONE_r1/Normal/Im019.bmp,0
Im146.bmp,normal,RIMONE_r1/Normal/Im146.bmp,0
Im136.bmp,normal,RIMONE_r1/Normal/Im136.bmp,0
Im003.bmp,normal,RIMONE_r1/Normal/Im003.bmp,0
Im132.bmp,normal,RIMONE_r1/Normal/Im132.bmp,0
Im061.bmp,normal,RIMONE_r1/Normal/Im061.bmp,0
Im075.bmp,normal,RIMONE_r1/Normal/Im075.bmp,0
Im063.bmp,normal,RIMONE_r1/Normal/Im063.bmp,0
Im001.bmp,normal,RIMONE_r1/Normal/Im001.bmp,0
Im060.bmp,normal,RIMONE_r1/Normal/Im060.bmp,0
Im032.bmp,normal,RIMONE_r1/Normal/Im032.bmp,0
Im072.bmp,normal,RIMONE_r1/Normal/Im072.bmp,0
Im029.bmp,normal,RIMONE_r1/Normal/Im029.bmp,0
Im145.bmp,normal,RIMONE_r1/Normal/Im145.bmp,0
Im106.bmp,normal,RIMONE_r1/Normal/Im106.bmp,0
Im131.bmp,normal,RIMONE_r1/Normal/Im131.bmp,0
Im031.bmp,normal,RIMONE_r1/Normal/Im031.bmp,0
Im037.bmp,normal,RIMONE_r1/Normal/Im037.bmp,0
Im020.bmp,normal,RIMONE_r1/Normal/Im020.bmp,0
Im059.bmp,normal,RIMONE_r1/Normal/Im059.bmp,0
Im150.bmp,normal,RIMONE_r1/Normal/Im150.bmp,0
Im084.bmp,normal,RIMONE_r1/Normal/Im084.bmp,0
Im083.bmp,normal,RIMONE_r1/Normal/Im083.bmp,0
Im040.bmp,normal,RIMONE_r1/Normal/Im040.bmp,0
Im108.bmp,normal,RIMONE_r1/Normal/Im108.bmp,0
Im097.bmp,normal,RIMONE_r1/Normal/Im097.bmp,0
Im129.bmp,normal,RIMONE_r1/Normal/Im129.bmp,0
Im166.bmp,normal,RIMONE_r1/Normal/Im166.bmp,0
Im156.bmp,normal,RIMONE_r1/Normal/Im156.bmp,0
Im096.bmp,normal,RIMONE_r1/Normal/Im096.bmp,0
Im036.bmp,normal,RIMONE_r1/Normal/Im036.bmp,0
Im086.bmp,normal,RIMONE_r1/Normal/Im086.bmp,0
Im111.bmp,normal,RIMONE_r1/Normal/Im111.bmp,0
Im023.bmp,normal,RIMONE_r1/Normal/Im023.bmp,0
Im011.bmp,normal,RIMONE_r1/Normal/Im011.bmp,0
Im047.bmp,normal,RIMONE_r1/Normal/Im047.bmp,0
Im149.bmp,normal,RIMONE_r1/Normal/Im149.bmp,0
Im164.bmp,normal,RIMONE_r1/Normal/Im164.bmp,0
Im082.bmp,normal,RIMONE_r1/Normal/Im082.bmp,0
Im110.bmp,normal,RIMONE_r1/Normal/Im110.bmp,0
Im067.bmp,normal,RIMONE_r1/Normal/Im067.bmp,0
Im088.bmp,normal,RIMONE_r1/Normal/Im088.bmp,0
Im027.bmp,normal,RIMONE_r1/Normal/Im027.bmp,0
Im055.bmp,normal,RIMONE_r1/Normal/Im055.bmp,0
Im052.bmp,normal,RIMONE_r1/Normal/Im052.bmp,0
Im094.bmp,normal,RIMONE_r1/Normal/Im094.bmp,0
Im128.bmp,normal,RIMONE_r1/Normal/Im128.bmp,0
Im085.bmp,normal,RIMONE_r1/Normal/Im085.bmp,0
Im026.bmp,normal,RIMONE_r1/Normal/Im026.bmp,0
Im107.bmp,normal,RIMONE_r1/Normal/Im107.bmp,0
Im056.bmp,normal,RIMONE_r1/Normal/Im056.bmp,0
Im155.bmp,normal,RIMONE_r1/Normal/Im155.bmp,0
Im057.bmp,normal,RIMONE_r1/Normal/Im057.bmp,0
Im151.bmp,normal,RIMONE_r1/Normal/Im151.bmp,0
Im068.bmp,normal,RIMONE_r1/Normal/Im068.bmp,0
Im008.bmp,normal,RIMONE_r1/Normal/Im008.bmp,0
Im152.bmp,normal,RIMONE_r1/Normal/Im152.bmp,0
Im137.bmp,normal,RIMONE_r1/Normal/Im137.bmp,0
Im165.bmp,normal,RIMONE_r1/Normal/Im165.bmp,0
Im125.bmp,normal,RIMONE_r1/Normal/Im125.bmp,0
Im028.bmp,normal,RIMONE_r1/Normal/Im028.bmp,0
Im112.bmp,normal,RIMONE_r1/Normal/Im112.bmp,0
Im014.bmp,normal,RIMONE_r1/Normal/Im014.bmp,0
Im004.bmp,normal,RIMONE_r1/Normal/Im004.bmp,0
Im042.bmp,normal,RIMONE_r1/Normal/Im042.bmp,0
Im074.bmp,normal,RIMONE_r1/Normal/Im074.bmp,0
Im153.bmp,normal,RIMONE_r1/Normal/Im153.bmp,0
Im087.bmp,normal,RIMONE_r1/Normal/Im087.bmp,0
Im025.bmp,normal,RIMONE_r1/Normal/Im025.bmp,0
Im079.bmp,normal,RIMONE_r1/Normal/Im079.bmp,0
Im168.bmp,normal,RIMONE_r1/Normal/Im168.bmp,0
Im081.bmp,normal,RIMONE_r1/Normal/Im081.bmp,0
Im138.bmp,normal,RIMONE_r1/Normal/Im138.bmp,0
Im109.bmp,normal,RIMONE_r1/Normal/Im109.bmp,0
Im073.bmp,normal,RIMONE_r1/Normal/Im073.bmp,0
Im111.jpg,normal,RIMONE_r2/Normal/Im111.jpg,0
Im106.jpg,normal,RIMONE_r2/Normal/Im106.jpg,0
Im224.jpg,normal,RIMONE_r2/Normal/Im224.jpg,0
Im093.jpg,normal,RIMONE_r2/Normal/Im093.jpg,0
Im138.jpg,normal,RIMONE_r2/Normal/Im138.jpg,0
Im229.jpg,normal,RIMONE_r2/Normal/Im229.jpg,0
Im038.jpg,normal,RIMONE_r2/Normal/Im038.jpg,0
Im187.jpg,normal,RIMONE_r2/Normal/Im187.jpg,0
Im190.jpg,normal,RIMONE_r2/Normal/Im190.jpg,0
Im098.jpg,normal,RIMONE_r2/Normal/Im098.jpg,0
Im049.jpg,normal,RIMONE_r2/Normal/Im049.jpg,0
Im233.jpg,normal,RIMONE_r2/Normal/Im233.jpg,0
Im238.jpg,normal,RIMONE_r2/Normal/Im238.jpg,0
Im083.jpg,normal,RIMONE_r2/Normal/Im083.jpg,0
Im128.jpg,normal,RIMONE_r2/Normal/Im128.jpg,0
Im162.jpg,normal,RIMONE_r2/Normal/Im162.jpg,0
Im087.jpg,normal,RIMONE_r2/Normal/Im087.jpg,0
Im046.jpg,normal,RIMONE_r2/Normal/Im046.jpg,0
Im033.jpg,normal,RIMONE_r2/Normal/Im033.jpg,0
Im201.jpg,normal,RIMONE_r2/Normal/Im201.jpg,0
Im220.jpg,normal,RIMONE_r2/Normal/Im220.jpg,0
Im013.jpg,normal,RIMONE_r2/Normal/Im013.jpg,0
Im113.jpg,normal,RIMONE_r2/Normal/Im113.jpg,0
Im245.jpg,normal,RIMONE_r2/Normal/Im245.jpg,0
Im077.jpg,normal,RIMONE_r2/Normal/Im077.jpg,0
Im142.jpg,normal,RIMONE_r2/Normal/Im142.jpg,0
Im094.jpg,normal,RIMONE_r2/Normal/Im094.jpg,0
Im054.jpg,normal,RIMONE_r2/Normal/Im054.jpg,0
Im075.jpg,normal,RIMONE_r2/Normal/Im075.jpg,0
Im194.jpg,normal,RIMONE_r2/Normal/Im194.jpg,0
Im102.jpg,normal,RIMONE_r2/Normal/Im102.jpg,0
Im172.jpg,normal,RIMONE_r2/Normal/Im172.jpg,0
Im060.jpg,normal,RIMONE_r2/Normal/Im060.jpg,0
Im067.jpg,normal,RIMONE_r2/Normal/Im067.jpg,0
Im080.jpg,normal,RIMONE_r2/Normal/Im080.jpg,0
Im159.jpg,normal,RIMONE_r2/Normal/Im159.jpg,0
Im135.jpg,normal,RIMONE_r2/Normal/Im135.jpg,0
Im191.jpg,normal,RIMONE_r2/Normal/Im191.jpg,0
Im152.jpg,normal,RIMONE_r2/Normal/Im152.jpg,0
Im050.jpg,normal,RIMONE_r2/Normal/Im050.jpg,0
Im133.jpg,normal,RIMONE_r2/Normal/Im133.jpg,0
Im198.jpg,normal,RIMONE_r2/Normal/Im198.jpg,0
Im064.jpg,normal,RIMONE_r2/Normal/Im064.jpg,0
Im084.jpg,normal,RIMONE_r2/Normal/Im084.jpg,0
Im081.jpg,normal,RIMONE_r2/Normal/Im081.jpg,0
Im169.jpg,normal,RIMONE_r2/Normal/Im169.jpg,0
Im141.jpg,normal,RIMONE_r2/Normal/Im141.jpg,0
Im155.jpg,normal,RIMONE_r2/Normal/Im155.jpg,0
Im027.jpg,normal,RIMONE_r2/Normal/Im027.jpg,0
Im175.jpg,normal,RIMONE_r2/Normal/Im175.jpg,0
Im146.jpg,normal,RIMONE_r2/Normal/Im146.jpg,0
Im195.jpg,normal,RIMONE_r2/Normal/Im195.jpg,0
Im026.jpg,normal,RIMONE_r2/Normal/Im026.jpg,0
Im226.jpg,normal,RIMONE_r2/Normal/Im226.jpg,0
Im139.jpg,normal,RIMONE_r2/Normal/Im139.jpg,0
Im209.jpg,normal,RIMONE_r2/Normal/Im209.jpg,0
Im073.jpg,normal,RIMONE_r2/Normal/Im073.jpg,0
Im150.jpg,normal,RIMONE_r2/Normal/Im150.jpg,0
Im018.jpg,normal,RIMONE_r2/Normal/Im018.jpg,0
Im003.jpg,normal,RIMONE_r2/Normal/Im003.jpg,0
Im199.jpg,normal,RIMONE_r2/Normal/Im199.jpg,0
Im211.jpg,normal,RIMONE_r2/Normal/Im211.jpg,0
Im204.jpg,normal,RIMONE_r2/Normal/Im204.jpg,0
Im123.jpg,normal,RIMONE_r2/Normal/Im123.jpg,0
Im062.jpg,normal,RIMONE_r2/Normal/Im062.jpg,0
Im156.jpg,normal,RIMONE_r2/Normal/Im156.jpg,0
Im254.jpg,normal,RIMONE_r2/Normal/Im254.jpg,0
Im117.jpg,normal,RIMONE_r2/Normal/Im117.jpg,0
Im170.jpg,normal,RIMONE_r2/Normal/Im170.jpg,0
Im037.jpg,normal,RIMONE_r2/Normal/Im037.jpg,0
Im247.jpg,normal,RIMONE_r2/Normal/Im247.jpg,0
Im216.jpg,normal,RIMONE_r2/Normal/Im216.jpg,0
Im082.jpg,normal,RIMONE_r2/Normal/Im082.jpg,0
Im105.jpg,normal,RIMONE_r2/Normal/Im105.jpg,0
Im236.jpg,normal,RIMONE_r2/Normal/Im236.jpg,0
Im036.jpg,normal,RIMONE_r2/Normal/Im036.jpg,0
Im148.jpg,normal,RIMONE_r2/Normal/Im148.jpg,0
Im047.jpg,normal,RIMONE_r2/Normal/Im047.jpg,0
Im109.jpg,normal,RIMONE_r2/Normal/Im109.jpg,0
Im070.jpg,normal,RIMONE_r2/Normal/Im070.jpg,0
Im183.jpg,normal,RIMONE_r2/Normal/Im183.jpg,0
Im214.jpg,normal,RIMONE_r2/Normal/Im214.jpg,0
Im248.jpg,normal,RIMONE_r2/Normal/Im248.jpg,0
Im055.jpg,normal,RIMONE_r2/Normal/Im055.jpg,0
Im126.jpg,normal,RIMONE_r2/Normal/Im126.jpg,0
Im015.jpg,normal,RIMONE_r2/Normal/Im015.jpg,0
Im120.jpg,normal,RIMONE_r2/Normal/Im120.jpg,0
Im239.jpg,normal,RIMONE_r2/Normal/Im239.jpg,0
Im164.jpg,normal,RIMONE_r2/Normal/Im164.jpg,0
Im097.jpg,normal,RIMONE_r2/Normal/Im097.jpg,0
Im251.jpg,normal,RIMONE_r2/Normal/Im251.jpg,0
Im031.jpg,normal,RIMONE_r2/Normal/Im031.jpg,0
Im035.jpg,normal,RIMONE_r2/Normal/Im035.jpg,0
Im222.jpg,normal,RIMONE_r2/Normal/Im222.jpg,0
Im076.jpg,normal,RIMONE_r2/Normal/Im076.jpg,0
Im184.jpg,normal,RIMONE_r2/Normal/Im184.jpg,0
Im242.jpg,normal,RIMONE_r2/Normal/Im242.jpg,0
Im057.jpg,normal,RIMONE_r2/Normal/Im057.jpg,0
Im250.jpg,normal,RIMONE_r2/Normal/Im250.jpg,0
Im149.jpg,normal,RIMONE_r2/Normal/Im149.jpg,0
Im244.jpg,normal,RIMONE_r2/Normal/Im244.jpg,0
Im091.jpg,normal,RIMONE_r2/Normal/Im091.jpg,0
Im252.jpg,normal,RIMONE_r2/Normal/Im252.jpg,0
Im168.jpg,normal,RIMONE_r2/Normal/Im168.jpg,0
Im186.jpg,normal,RIMONE_r2/Normal/Im186.jpg,0
Im115.jpg,normal,RIMONE_r2/Normal/Im115.jpg,0
Im017.jpg,normal,RIMONE_r2/Normal/Im017.jpg,0
Im144.jpg,normal,RIMONE_r2/Normal/Im144.jpg,0
Im056.jpg,normal,RIMONE_r2/Normal/Im056.jpg,0
Im103.jpg,normal,RIMONE_r2/Normal/Im103.jpg,0
Im197.jpg,normal,RIMONE_r2/Normal/Im197.jpg,0
Im223.jpg,normal,RIMONE_r2/Normal/Im223.jpg,0
Im132.jpg,normal,RIMONE_r2/Normal/Im132.jpg,0
Im011.jpg,normal,RIMONE_r2/Normal/Im011.jpg,0
Im171.jpg,normal,RIMONE_r2/Normal/Im171.jpg,0
Im022.jpg,normal,RIMONE_r2/Normal/Im022.jpg,0
Im145.jpg,normal,RIMONE_r2/Normal/Im145.jpg,0
Im001.jpg,normal,RIMONE_r2/Normal/Im001.jpg,0
Im131.jpg,normal,RIMONE_r2/Normal/Im131.jpg,0
Im041.jpg,normal,RIMONE_r2/Normal/Im041.jpg,0
Im096.jpg,normal,RIMONE_r2/Normal/Im096.jpg,0
Im063.jpg,normal,RIMONE_r2/Normal/Im063.jpg,0
Im025.jpg,normal,RIMONE_r2/Normal/Im025.jpg,0
Im020.jpg,normal,RIMONE_r2/Normal/Im020.jpg,0
Im182.jpg,normal,RIMONE_r2/Normal/Im182.jpg,0
Im044.jpg,normal,RIMONE_r2/Normal/Im044.jpg,0
Im206.jpg,normal,RIMONE_r2/Normal/Im206.jpg,0
Im157.jpg,normal,RIMONE_r2/Normal/Im157.jpg,0
Im058.jpg,normal,RIMONE_r2/Normal/Im058.jpg,0
Im059.jpg,normal,RIMONE_r2/Normal/Im059.jpg,0
Im085.jpg,normal,RIMONE_r2/Normal/Im085.jpg,0
Im048.jpg,normal,RIMONE_r2/Normal/Im048.jpg,0
Im110.jpg,normal,RIMONE_r2/Normal/Im110.jpg,0
Im005.jpg,normal,RIMONE_r2/Normal/Im005.jpg,0
Im119.jpg,normal,RIMONE_r2/Normal/Im119.jpg,0
Im130.jpg,normal,RIMONE_r2/Normal/Im130.jpg,0
Im040.jpg,normal,RIMONE_r2/Normal/Im040.jpg,0
Im101.jpg,normal,RIMONE_r2/Normal/Im101.jpg,0
Im012.jpg,normal,RIMONE_r2/Normal/Im012.jpg,0
Im179.jpg,normal,RIMONE_r2/Normal/Im179.jpg,0
Im045.jpg,normal,RIMONE_r2/Normal/Im045.jpg,0
Im137.jpg,normal,RIMONE_r2/Normal/Im137.jpg,0
Im116.jpg,normal,RIMONE_r2/Normal/Im116.jpg,0
Im004.jpg,normal,RIMONE_r2/Normal/Im004.jpg,0
Im034.jpg,normal,RIMONE_r2/Normal/Im034.jpg,0
Im107.jpg,normal,RIMONE_r2/Normal/Im107.jpg,0
Im237.jpg,normal,RIMONE_r2/Normal/Im237.jpg,0
Im122.jpg,normal,RIMONE_r2/Normal/Im122.jpg,0
Im043.jpg,normal,RIMONE_r2/Normal/Im043.jpg,0
Im129.jpg,normal,RIMONE_r2/Normal/Im129.jpg,0
Im161.jpg,normal,RIMONE_r2/Normal/Im161.jpg,0
Im147.jpg,normal,RIMONE_r2/Normal/Im147.jpg,0
Im213.jpg,normal,RIMONE_r2/Normal/Im213.jpg,0
Im121.jpg,normal,RIMONE_r2/Normal/Im121.jpg,0
Im008.jpg,normal,RIMONE_r2/Normal/Im008.jpg,0
Im053.jpg,normal,RIMONE_r2/Normal/Im053.jpg,0
Im208.jpg,normal,RIMONE_r2/Normal/Im208.jpg,0
Im166.jpg,normal,RIMONE_r2/Normal/Im166.jpg,0
Im032.jpg,normal,RIMONE_r2/Normal/Im032.jpg,0
Im202.jpg,normal,RIMONE_r2/Normal/Im202.jpg,0
Im066.jpg,normal,RIMONE_r2/Normal/Im066.jpg,0
Im210.jpg,normal,RIMONE_r2/Normal/Im210.jpg,0
Im235.jpg,normal,RIMONE_r2/Normal/Im235.jpg,0
Im196.jpg,normal,RIMONE_r2/Normal/Im196.jpg,0
Im173.jpg,normal,RIMONE_r2/Normal/Im173.jpg,0
Im024.jpg,normal,RIMONE_r2/Normal/Im024.jpg,0
Im014.jpg,normal,RIMONE_r2/Normal/Im014.jpg,0
Im153.jpg,normal,RIMONE_r2/Normal/Im153.jpg,0
Im009.jpg,normal,RIMONE_r2/Normal/Im009.jpg,0
Im065.jpg,normal,RIMONE_r2/Normal/Im065.jpg,0
Im042.jpg,normal,RIMONE_r2/Normal/Im042.jpg,0
Im163.jpg,normal,RIMONE_r2/Normal/Im163.jpg,0
Im028.jpg,normal,RIMONE_r2/Normal/Im028.jpg,0
Im181.jpg,normal,RIMONE_r2/Normal/Im181.jpg,0
Im193.jpg,normal,RIMONE_r2/Normal/Im193.jpg,0
Im217.jpg,normal,RIMONE_r2/Normal/Im217.jpg,0
Im180.jpg,normal,RIMONE_r2/Normal/Im180.jpg,0
Im151.jpg,normal,RIMONE_r2/Normal/Im151.jpg,0
Im230.jpg,normal,RIMONE_r2/Normal/Im230.jpg,0
Im100.jpg,normal,RIMONE_r2/Normal/Im100.jpg,0
Im205.jpg,normal,RIMONE_r2/Normal/Im205.jpg,0
Im160.jpg,normal,RIMONE_r2/Normal/Im160.jpg,0
Im243.jpg,normal,RIMONE_r2/Normal/Im243.jpg,0
Im249.jpg,normal,RIMONE_r2/Normal/Im249.jpg,0
Im124.jpg,normal,RIMONE_r2/Normal/Im124.jpg,0
Im016.jpg,normal,RIMONE_r2/Normal/Im016.jpg,0
Im228.jpg,normal,RIMONE_r2/Normal/Im228.jpg,0
Im118.jpg,normal,RIMONE_r2/Normal/Im118.jpg,0
Im092.jpg,normal,RIMONE_r2/Normal/Im092.jpg,0
Im108.jpg,normal,RIMONE_r2/Normal/Im108.jpg,0
Im225.jpg,normal,RIMONE_r2/Normal/Im225.jpg,0
Im227.jpg,normal,RIMONE_r2/Normal/Im227.jpg,0
Im104.jpg,normal,RIMONE_r2/Normal/Im104.jpg,0
Im218.jpg,normal,RIMONE_r2/Normal/Im218.jpg,0
Im051.jpg,normal,RIMONE_r2/Normal/Im051.jpg,0
Im219.jpg,normal,RIMONE_r2/Normal/Im219.jpg,0
Im188.jpg,normal,RIMONE_r2/Normal/Im188.jpg,0
Im090.jpg,normal,RIMONE_r2/Normal/Im090.jpg,0
Im140.jpg,normal,RIMONE_r2/Normal/Im140.jpg,0
Im200.jpg,normal,RIMONE_r2/Normal/Im200.jpg,0
Im192.jpg,normal,RIMONE_r2/Normal/Im192.jpg,0
Im189.jpg,normal,RIMONE_r2/Normal/Im189.jpg,0
Im255.jpg,normal,RIMONE_r2/Normal/Im255.jpg,0
Im207.jpg,normal,RIMONE_r2/Normal/Im207.jpg,0
Im154.jpg,normal,RIMONE_r2/Normal/Im154.jpg,0
N-51-L.jpg,normal,RIMONE_r3_CROPPED/N-51-L.jpg,0
N-92-R.jpg,normal,RIMONE_r3_CROPPED/N-92-R.jpg,0
N-28-R.jpg,normal,RIMONE_r3_CROPPED/N-28-R.jpg,0
N-82-R.jpg,normal,RIMONE_r3_CROPPED/N-82-R.jpg,0
N-6-R.jpg,normal,RIMONE_r3_CROPPED/N-6-R.jpg,0
N-86-R.jpg,normal,RIMONE_r3_CROPPED/N-86-R.jpg,0
N-16-R.jpg,normal,RIMONE_r3_CROPPED/N-16-R.jpg,0
N-66-R.jpg,normal,RIMONE_r3_CROPPED/N-66-R.jpg,0
N-87-L.jpg,normal,RIMONE_r3_CROPPED/N-87-L.jpg,0
N-73-R.jpg,normal,RIMONE_r3_CROPPED/N-73-R.jpg,0
N-54-R.jpg,normal,RIMONE_r3_CROPPED/N-54-R.jpg,0
N-91-L.jpg,normal,RIMONE_r3_CROPPED/N-91-L.jpg,0
N-39-L.jpg,normal,RIMONE_r3_CROPPED/N-39-L.jpg,0
N-8-L.jpg,normal,RIMONE_r3_CROPPED/N-8-L.jpg,0
N-22-R.jpg,normal,RIMONE_r3_CROPPED/N-22-R.jpg,0
N-53-L.jpg,normal,RIMONE_r3_CROPPED/N-53-L.jpg,0
N-14-R.jpg,normal,RIMONE_r3_CROPPED/N-14-R.jpg,0
N-84-R.jpg,normal,RIMONE_r3_CROPPED/N-84-R.jpg,0
N-3-L.jpg,normal,RIMONE_r3_CROPPED/N-3-L.jpg,0
N-69-L.jpg,normal,RIMONE_r3_CROPPED/N-69-L.jpg,0
N-4-R.jpg,normal,RIMONE_r3_CROPPED/N-4-R.jpg,0
N-29-L.jpg,normal,RIMONE_r3_CROPPED/N-29-L.jpg,0
N-32-R.jpg,normal,RIMONE_r3_CROPPED/N-32-R.jpg,0
N-11-L.jpg,normal,RIMONE_r3_CROPPED/N-11-L.jpg,0
N-38-R.jpg,normal,RIMONE_r3_CROPPED/N-38-R.jpg,0
N-90-R.jpg,normal,RIMONE_r3_CROPPED/N-90-R.jpg,0
N-79-L.jpg,normal,RIMONE_r3_CROPPED/N-79-L.jpg,0
N-9-L.jpg,normal,RIMONE_r3_CROPPED/N-9-L.jpg,0
N-13-L.jpg,normal,RIMONE_r3_CROPPED/N-13-L.jpg,0
N-21-L.jpg,normal,RIMONE_r3_CROPPED/N-21-L.jpg,0
N-55-L.jpg,normal,RIMONE_r3_CROPPED/N-55-L.jpg,0
N-35-L.jpg,normal,RIMONE_r3_CROPPED/N-35-L.jpg,0
N-74-L.jpg,normal,RIMONE_r3_CROPPED/N-74-L.jpg,0
N-43-L.jpg,normal,RIMONE_r3_CROPPED/N-43-L.jpg,0
N-67-L.jpg,normal,RIMONE_r3_CROPPED/N-67-L.jpg,0
N-23-L.jpg,normal,RIMONE_r3_CROPPED/N-23-L.jpg,0
N-36-R.jpg,normal,RIMONE_r3_CROPPED/N-36-R.jpg,0
